name|Aces|Ace %|Aces per Svc. Game|Aces per Set|Aces per Match|Double Faults|Double Fault %|DFs per 2nd Serve %|DFs per Svc. Game|DFs per Set|DFs per Match|Aces / DFs Ratio|Ace Against|Ace Against %|Double Faults Against|Double Fault Against %
Carlos Alcaraz Garfia|269|3.7|0.24|1.14|2.9|220|3.0|8.5|0.19|0.93|2.4|1.22|331|4.3|269|3.5
Rafael Nadal|3917|4.3|0.26|1.24|3.2|2080|2.3|7.2|0.14|0.66|1.7|1.88|7050|7.3|3293|3.4
Casper Ruud|1046|6.3|0.39|1.92|4.6|489|3.0|8.5|0.18|0.90|2.2|2.14|1262|7.7|625|3.8
Stefanos Tsitsipas|2431|8.9|0.55|2.74|7.1|760|2.8|7.4|0.17|0.86|2.2|3.20|1737|6.3|940|3.4
Novak Djokovic|6561|7.2|0.44|2.12|5.5|2710|3.0|8.5|0.18|0.87|2.3|2.42|6158|6.4|3388|3.5
Felix Auger Aliassime|2277|12.1|0.76|3.75|9.3|987|5.3|14.6|0.33|1.63|4.0|2.31|1063|5.5|645|3.4
Daniil Medvedev|3044|11.0|0.69|3.28|8.4|1245|4.5|11.5|0.28|1.34|3.4|2.44|1575|5.5|1001|3.5
Andrey Rublev|2220|8.6|0.54|2.61|6.6|904|3.5|8.9|0.22|1.06|2.7|2.46|2547|9.4|1150|4.3
Taylor Harry Fritz|2842|11.5|0.73|3.61|9.4|774|3.1|7.6|0.20|0.98|2.6|3.67|2195|8.9|1038|4.2
Hubert Hurkacz|2049|11.9|0.75|3.79|9.8|540|3.1|8.5|0.20|1.00|2.6|3.79|1233|7.2|651|3.8
Holger Vitus Nodskov Rune|295|5.7|0.36|1.76|4.2|228|4.4|12.3|0.28|1.36|3.2|1.29|328|6.2|194|3.6
Alexander Zverev|3981|10.7|0.66|3.20|8.5|1972|5.3|15.1|0.33|1.58|4.2|2.02|2182|5.6|1339|3.4
Pablo Carreno Busta|1866|5.1|0.33|1.57|4.0|838|2.3|6.6|0.15|0.71|1.8|2.23|3179|8.6|1440|3.9
Cameron Norrie|1141|6.0|0.38|1.85|4.6|740|3.9|11.3|0.25|1.20|3.0|1.54|1524|8.0|684|3.6
Jannik Sinner|730|5.9|0.38|1.86|4.6|335|2.7|6.7|0.18|0.85|2.1|2.18|772|6.2|446|3.6
Matteo Berrettini|2083|12.2|0.75|3.73|10.0|419|2.5|6.6|0.15|0.75|2.0|4.97|1044|5.9|638|3.6
Marin Cilic|8064|11.5|0.72|3.53|9.3|2593|3.7|8.6|0.23|1.14|3.0|3.11|5177|7.1|2511|3.5
Denis Shapovalov|2383|10.1|0.63|3.15|8.2|1528|6.5|15.9|0.40|2.02|5.3|1.56|1172|4.9|937|3.9
Frances Tiafoe|1783|8.1|0.52|2.59|7.0|651|3.0|7.7|0.19|0.95|2.6|2.74|2434|11.2|818|3.8
Karen Khachanov|2736|9.4|0.60|2.96|7.9|961|3.3|8.8|0.21|1.04|2.8|2.85|2063|7.0|1039|3.5
Roberto Bautista Agut|1846|4.0|0.25|1.23|3.2|1115|2.4|7.2|0.15|0.74|1.9|1.66|4251|9.0|1760|3.7
Nick Kyrgios|4418|18.1|1.12|5.65|15.0|1011|4.1|12.1|0.26|1.29|3.4|4.37|2723|11.2|944|3.9
Lorenzo Musetti|293|4.0|0.26|1.24|3.0|191|2.6|7.7|0.17|0.81|2.0|1.53|402|5.6|258|3.6
Alex De Minaur|826|4.4|0.29|1.37|3.5|570|3.0|7.8|0.20|0.95|2.4|1.45|1340|7.1|695|3.7
Diego Sebastian Schwartzman|828|2.6|0.17|0.79|2.0|1188|3.7|10.0|0.24|1.13|2.9|0.70|2338|7.1|1276|3.9
Borna Coric|1969|7.6|0.48|2.35|6.1|718|2.8|7.4|0.18|0.86|2.2|2.74|2341|9.0|945|3.6
Daniel Evans|1054|5.3|0.35|1.67|4.5|678|3.4|8.9|0.22|1.07|2.9|1.55|1657|8.4|709|3.6
Grigor Dimitrov|4118|8.5|0.53|2.63|6.8|2117|4.3|11.6|0.27|1.35|3.5|1.95|3380|6.9|1773|3.6
Miomir Kecmanovic|655|5.2|0.34|1.63|4.0|346|2.7|7.0|0.18|0.86|2.1|1.89|1198|9.5|539|4.3
Francisco Cerundolo|132|3.3|0.22|1.03|2.5|160|4.0|10.7|0.26|1.25|3.1|0.83|187|4.5|123|3.0
Alejandro Davidovich Fokina|263|2.6|0.17|0.84|2.2|336|3.4|10.5|0.22|1.07|2.8|0.78|663|6.7|351|3.5
Tommy Paul|645|5.4|0.35|1.69|4.3|345|2.9|7.4|0.19|0.91|2.3|1.87|762|6.4|457|3.8
Sebastian Korda|552|6.9|0.45|2.17|5.5|259|3.2|9.1|0.21|1.02|2.6|2.13|414|5.2|279|3.5
Maxime Cressy|891|17.8|1.10|5.64|14.6|479|9.6|25.0|0.59|3.03|7.9|1.86|449|8.9|206|4.1
Botic Van De Zandschulp|483|7.7|0.50|2.40|6.1|297|4.7|12.9|0.31|1.48|3.8|1.63|373|5.8|225|3.5
Yoshihito Nishioka|372|2.4|0.16|0.73|1.9|324|2.1|6.1|0.14|0.64|1.6|1.15|1668|10.9|610|4.0
Alexander Bublik|2338|15.8|1.02|5.02|12.5|1233|8.3|19.9|0.54|2.65|6.6|1.90|885|6.1|491|3.4
Reilly Opelka|3053|21.8|1.35|7.10|18.2|482|3.4|9.5|0.21|1.12|2.9|6.33|1297|9.5|517|3.8
Albert Ramos|1850|4.2|0.28|1.33|3.3|1371|3.1|8.3|0.20|0.98|2.5|1.35|3139|7.2|1606|3.7
Emil Ruusuvuori|479|5.4|0.34|1.63|4.0|414|4.7|13.7|0.30|1.41|3.5|1.16|628|6.8|405|4.4
John Isner|13977|21.2|1.30|6.96|18.6|1715|2.6|8.4|0.16|0.85|2.3|8.15|6054|9.2|2484|3.8
Jack Draper|205|10.3|0.67|3.25|7.1|81|4.1|10.0|0.26|1.29|2.8|2.53|192|9.7|74|3.7
Sebastian Baez|77|2.2|0.15|0.68|1.6|88|2.5|9.2|0.17|0.77|1.9|0.88|170|4.7|111|3.1
Arthur Rinderknech|695|12.5|0.79|3.86|9.9|142|2.5|7.3|0.16|0.79|2.0|4.89|409|7.5|168|3.1
Lorenzo Sonego|1068|7.6|0.48|2.41|6.1|340|2.4|6.9|0.15|0.77|1.9|3.14|595|4.3|506|3.6
Adrian Mannarino|2453|6.0|0.39|1.85|4.7|1340|3.3|8.3|0.21|1.01|2.6|1.83|3691|9.1|1557|3.8
Brandon Nakashima|510|9.7|0.60|3.02|7.3|122|2.3|6.1|0.14|0.72|1.7|4.18|560|10.4|222|4.1
Jenson Brooksby|174|3.7|0.24|1.12|2.8|84|1.8|5.1|0.12|0.54|1.3|2.07|319|6.9|175|3.8
Andy Murray|6280|8.7|0.55|2.59|6.9|2336|3.2|7.7|0.20|0.96|2.6|2.69|4580|6.1|2758|3.7
Alex Molcan|175|4.5|0.29|1.40|3.5|110|2.8|8.1|0.18|0.88|2.2|1.59|279|7.1|125|3.2
Corentin Moutet|214|2.7|0.18|0.87|2.3|303|3.9|12.1|0.25|1.23|3.3|0.71|470|6.0|276|3.5
Gael Monfils|6682|10.3|0.65|3.17|8.2|2928|4.5|12.0|0.29|1.39|3.6|2.28|2729|4.1|2148|3.2
David Goffin|2730|6.8|0.44|2.08|5.3|1746|4.4|10.4|0.28|1.33|3.4|1.56|3131|7.6|1551|3.8
Filip Krajinovic|1030|5.9|0.38|1.84|4.6|440|2.5|7.0|0.16|0.78|1.9|2.34|1806|10.4|664|3.8
Fabio Fognini|2411|4.1|0.27|1.27|3.3|2922|4.9|12.1|0.33|1.54|4.0|0.83|3557|6.1|2107|3.6
Marc Andrea Huesler|300|11.7|0.74|3.70|9.1|79|3.1|7.7|0.20|0.98|2.4|3.80|220|8.7|114|4.5
Jaume Munar|497|4.3|0.29|1.41|3.5|429|3.7|10.4|0.25|1.22|3.0|1.16|576|5.0|476|4.1
Aslan Karatsev|500|5.8|0.38|1.80|4.7|456|5.3|12.9|0.35|1.64|4.3|1.10|626|7.2|303|3.5
Benjamin Bonzi|330|7.8|0.50|2.50|6.2|118|2.8|6.9|0.18|0.89|2.2|2.80|398|9.6|174|4.2
Marcos Giron|572|6.2|0.41|2.01|5.2|212|2.3|5.9|0.15|0.74|1.9|2.70|713|8.0|335|3.8
Pedro Martinez Portero|219|2.8|0.19|0.90|2.3|334|4.2|12.3|0.28|1.37|3.5|0.66|636|8.4|272|3.6
Mackenzie Mcdonald|743|6.3|0.40|1.94|5.2|348|2.9|8.2|0.19|0.91|2.5|2.14|976|8.3|452|3.8
Quentin Halys|449|11.7|0.78|4.01|11.5|263|6.9|16.9|0.46|2.35|6.7|1.71|254|6.7|146|3.9
Jeffrey John Wolf|206|8.5|0.54|2.54|6.2|105|4.3|10.4|0.28|1.30|3.2|1.96|304|12.7|97|4.0
Daniel Elahi Galan Riveros|251|5.1|0.33|1.57|4.0|78|1.6|4.3|0.10|0.49|1.3|3.22|292|6.2|201|4.2
Richard Gasquet|4974|7.1|0.44|2.14|5.4|2234|3.2|8.3|0.20|0.96|2.4|2.23|6053|8.5|2377|3.3
Mikael Ymer|256|2.9|0.19|0.90|2.3|353|3.9|11.9|0.26|1.23|3.2|0.73|539|6.2|324|3.7
Laslo Djere|1011|6.4|0.42|2.07|5.2|687|4.4|10.8|0.28|1.40|3.5|1.47|778|4.9|518|3.3
Thiago Monteiro|836|6.5|0.41|2.03|5.3|352|2.7|8.0|0.17|0.85|2.2|2.38|1138|9.0|457|3.6
Bernabe Zapata Miralles|84|2.9|0.19|0.90|2.2|85|2.9|7.9|0.19|0.91|2.2|0.99|197|7.2|102|3.7
Ilya Ivashka|867|7.6|0.49|2.42|6.2|428|3.8|9.8|0.24|1.20|3.1|2.03|786|6.9|462|4.0
Roberto Carballes Baena|437|3.5|0.23|1.07|2.7|501|4.0|10.6|0.26|1.22|3.1|0.87|793|6.4|474|3.8
Federico Coria|188|3.2|0.21|0.99|2.5|186|3.2|9.7|0.21|0.98|2.5|1.01|232|4.0|208|3.6
Oscar Otte|448|10.4|0.66|3.22|8.6|208|4.8|11.5|0.31|1.50|4.0|2.15|346|8.1|162|3.8
Kamil Majchrzak|310|6.6|0.42|2.04|5.3|150|3.2|8.1|0.20|0.99|2.6|2.07|477|10.5|159|3.5
Christopher Oconnell|268|8.0|0.52|2.68|7.9|62|1.8|5.0|0.12|0.62|1.8|4.32|301|9.2|139|4.2
Tomas Martin Etcheverry|57|5.0|0.33|1.54|3.6|33|2.9|9.2|0.19|0.89|2.1|1.73|79|7.0|36|3.2
Dusan Lajovic|1366|4.7|0.30|1.47|3.8|653|2.2|6.6|0.14|0.70|1.8|2.09|1947|6.8|1052|3.7
Jiri Lehecka|109|5.9|0.40|1.91|4.7|66|3.6|10.0|0.24|1.16|2.9|1.65|104|6.1|59|3.4
Joao Sousa|1603|4.6|0.30|1.42|3.7|957|2.8|7.1|0.18|0.85|2.2|1.68|2782|8.0|1344|3.9
Soon Woo Kwon|463|5.8|0.37|1.78|4.8|314|3.9|9.9|0.25|1.21|3.3|1.47|942|11.5|299|3.7
Jordan Thompson|1202|7.6|0.48|2.35|6.3|424|2.7|7.2|0.17|0.83|2.2|2.83|1147|7.3|581|3.7
Christian Garin|730|5.2|0.34|1.64|4.3|530|3.8|9.8|0.25|1.19|3.1|1.38|1042|7.4|540|3.8
Ugo Humbert|1007|8.5|0.55|2.74|7.2|414|3.5|9.2|0.22|1.13|3.0|2.43|961|8.3|401|3.5
Marton Fucsovics|970|5.2|0.34|1.64|4.4|779|4.2|10.0|0.27|1.32|3.5|1.25|811|4.3|620|3.3
Roman Safiullin|159|8.0|0.52|2.61|6.9|63|3.2|8.7|0.21|1.03|2.7|2.52|184|8.9|83|4.0
Facundo Bagnis|511|6.1|0.40|1.94|4.8|350|4.2|10.8|0.27|1.33|3.3|1.46|535|6.6|303|3.7
Gregoire Barrere|242|6.4|0.42|2.02|5.8|130|3.5|9.3|0.22|1.08|3.1|1.86|333|8.9|170|4.6
Nikoloz Basilashvili|1182|4.9|0.32|1.55|4.0|1297|5.4|13.2|0.36|1.70|4.3|0.91|2282|9.8|800|3.4
Taro Daniel|613|4.7|0.30|1.45|3.7|455|3.5|9.3|0.23|1.08|2.8|1.35|1124|8.9|457|3.6
Thanasi Kokkinakis|964|11.5|0.75|3.74|10.0|346|4.1|10.5|0.27|1.34|3.6|2.79|758|9.2|328|4.0
Daniel Altmaier|318|8.1|0.54|2.59|6.4|136|3.4|8.6|0.23|1.11|2.7|2.34|214|5.6|120|3.2
Tallon Griekspoor|366|8.1|0.53|2.65|6.9|159|3.5|9.9|0.23|1.15|3.0|2.30|461|10.7|172|4.0
Vasek Pospisil|2805|11.7|0.75|3.78|9.7|1023|4.3|10.2|0.27|1.38|3.5|2.74|1598|6.9|912|3.9
Zhizhen Zhang|131|7.9|0.51|2.57|6.6|30|1.8|4.7|0.12|0.59|1.5|4.37|118|7.0|59|3.5
Alejandro Tabilo|184|7.1|0.45|2.14|5.0|103|4.0|11.0|0.25|1.20|2.8|1.79|209|8.2|91|3.6
Marco Cecchinato|774|5.4|0.35|1.70|4.4|445|3.1|9.2|0.20|0.98|2.5|1.74|930|6.7|465|3.4
Dominic Thiem|2838|7.2|0.45|2.22|5.7|1363|3.5|8.8|0.22|1.07|2.8|2.08|2645|6.5|1331|3.3
Radu Albot|558|3.4|0.22|1.05|2.8|612|3.7|10.3|0.24|1.15|3.0|0.91|1390|8.4|630|3.8
Emilio Gomez|98|4.5|0.30|1.38|3.9|73|3.3|8.7|0.22|1.03|2.9|1.34|138|6.7|84|4.1
Juan Pablo Varillas Patino Samudio|104|6.4|0.41|2.12|4.5|51|3.1|6.9|0.20|1.04|2.2|2.04|103|6.4|55|3.4
Denis Kudla|1097|7.1|0.45|2.19|5.9|648|4.2|10.0|0.27|1.29|3.5|1.69|1779|11.7|623|4.1
Jason Kubler|98|5.5|0.35|1.69|4.7|108|6.0|15.9|0.39|1.86|5.1|0.91|144|8.0|67|3.7
Hugo Gaston|118|3.2|0.22|1.04|2.7|103|2.8|6.4|0.19|0.91|2.3|1.15|241|7.0|121|3.5
Jiri Vesely|2269|9.6|0.61|3.03|7.8|1089|4.6|13.0|0.29|1.45|3.8|2.08|2045|8.7|878|3.7
Steve Johnson|3262|10.3|0.66|3.29|8.5|1194|3.8|9.2|0.24|1.20|3.1|2.73|3234|10.5|1183|3.8
Michael Mmoh|188|6.0|0.39|1.84|5.2|153|4.9|14.7|0.32|1.50|4.3|1.23|277|9.2|99|3.3
Norbert Gombos|345|6.2|0.41|1.94|5.2|258|4.7|12.1|0.30|1.45|3.9|1.34|443|8.0|190|3.4
Alexei Popyrin|925|10.5|0.68|3.44|8.9|409|4.6|11.6|0.30|1.52|3.9|2.26|693|8.0|306|3.5
Pablo Andujar|649|2.1|0.14|0.66|1.6|1272|4.2|11.5|0.28|1.29|3.2|0.51|2054|6.8|1152|3.8
Jurij Rodionov|154|8.1|0.54|2.75|6.4|77|4.0|10.9|0.27|1.38|3.2|2.00|158|8.9|77|4.4
Christopher Eubanks|289|12.0|0.75|3.75|10.0|117|4.9|14.5|0.31|1.52|4.0|2.47|216|9.1|102|4.3
Fernando Verdasco|5394|6.9|0.43|2.10|5.5|3856|4.9|14.9|0.31|1.50|3.9|1.40|4716|5.8|2829|3.5
Federico Delbonis|1267|4.6|0.30|1.44|3.6|1203|4.3|11.2|0.28|1.37|3.4|1.05|1585|5.7|1045|3.8
Elias Ymer|371|5.6|0.36|1.78|4.5|281|4.2|10.4|0.28|1.35|3.4|1.32|348|5.3|224|3.4
Yannick Hanfmann|281|5.6|0.36|1.75|4.3|133|2.7|7.2|0.17|0.83|2.0|2.11|334|6.7|181|3.6
Jack Sock|2127|8.2|0.52|2.56|6.7|1364|5.3|12.8|0.33|1.64|4.3|1.56|2331|9.1|1099|4.3
Hugo Dellien|109|2.5|0.17|0.78|1.9|103|2.4|9.0|0.16|0.74|1.8|1.06|259|6.0|167|3.9
Jozef Kovalik|233|4.2|0.28|1.35|3.5|186|3.4|8.6|0.22|1.08|2.8|1.25|407|7.6|211|3.9
Gilles Simon|3736|5.3|0.35|1.67|4.3|2020|2.9|6.8|0.19|0.90|2.3|1.85|4540|6.5|2325|3.3
John Millman|1038|4.8|0.31|1.53|4.0|487|2.3|6.0|0.15|0.72|1.9|2.13|1829|8.7|763|3.6
Stan Wawrinka|6040|8.6|0.55|2.72|7.3|2152|3.1|7.3|0.20|0.97|2.6|2.81|3703|5.3|2331|3.3
Jan Lennard Struff|3289|11.2|0.71|3.50|9.0|1348|4.6|10.4|0.29|1.43|3.7|2.44|2702|9.1|1148|3.9
Nicolas Jarry|1110|11.1|0.71|3.59|9.6|340|3.4|9.3|0.22|1.10|2.9|3.26|662|6.8|410|4.2
James Duckworth|1156|9.5|0.63|3.10|8.6|411|3.4|7.7|0.22|1.10|3.1|2.81|1235|10.7|474|4.1
Maximilian Marterer|491|8.1|0.51|2.51|6.4|158|2.6|7.1|0.17|0.81|2.1|3.11|461|7.9|232|4.0
Liam Broady|127|4.8|0.32|1.46|4.0|70|2.6|7.0|0.17|0.80|2.2|1.81|227|9.3|91|3.7
Carlos Taberner|87|3.5|0.22|1.04|2.6|117|4.7|12.4|0.30|1.39|3.5|0.74|206|8.5|100|4.1
Ricardas Berankis|1077|5.3|0.35|1.67|4.4|846|4.2|9.8|0.27|1.31|3.4|1.27|1933|9.7|782|3.9
Henri Laaksonen|646|7.1|0.47|2.25|6.0|450|5.0|12.0|0.33|1.57|4.2|1.44|621|6.8|355|3.9
Benoit Paire|4495|10.2|0.68|3.30|8.5|2737|6.2|12.9|0.41|2.01|5.2|1.64|2021|4.7|1575|3.6
Dennis Novak|326|5.7|0.37|1.77|4.7|192|3.3|9.4|0.22|1.04|2.7|1.70|478|8.5|214|3.8
Renzo Olivo|179|3.9|0.26|1.27|3.3|269|5.9|14.5|0.40|1.91|4.9|0.67|164|3.6|201|4.5
Damir Dzumhur|603|3.2|0.21|0.97|2.5|665|3.6|10.0|0.23|1.07|2.8|0.91|1207|6.4|739|3.9
Mikhail Kukushkin|1211|4.0|0.26|1.26|3.2|586|1.9|5.0|0.13|0.61|1.6|2.07|2739|9.2|1069|3.6
Sebastian Ofner|148|8.1|0.53|2.60|6.4|79|4.3|9.8|0.28|1.39|3.4|1.87|141|8.2|92|5.4
Nicolas Kicker|106|2.9|0.19|0.88|2.2|122|3.3|9.0|0.21|1.01|2.5|0.87|300|8.4|115|3.2
Dimitar Kuzmanov|50|4.0|0.27|1.28|3.3|53|4.3|11.5|0.28|1.36|3.5|0.94|76|6.7|42|3.7
Stefan Kozlov|88|3.9|0.26|1.16|2.7|131|5.8|15.4|0.38|1.72|4.0|0.67|168|7.6|99|4.5
Dominik Koepfer|343|4.8|0.32|1.53|4.2|307|4.3|11.4|0.28|1.37|3.7|1.12|505|7.3|255|3.7
Cedrik Marcel Stebe|293|4.8|0.31|1.45|3.7|234|3.8|9.9|0.25|1.16|3.0|1.25|336|5.6|244|4.1
Gianluca Mager|394|8.1|0.53|2.56|6.8|182|3.7|9.5|0.24|1.18|3.1|2.16|386|8.1|157|3.3
Mitchell Krueger|102|6.0|0.38|1.79|4.3|55|3.2|8.7|0.21|0.96|2.3|1.85|156|9.3|66|3.9
Lukas Rosol|1775|8.0|0.53|2.56|6.6|904|4.1|9.8|0.27|1.30|3.4|1.96|2044|9.7|686|3.3
Max Purcell|105|8.0|0.51|2.39|6.2|37|2.8|7.0|0.18|0.84|2.2|2.84|120|9.1|40|3.0
Marco Trungelliti|136|4.5|0.30|1.45|4.3|131|4.4|10.5|0.29|1.39|4.1|1.04|166|5.6|109|3.7
Ernesto Escobedo|379|8.4|0.53|2.61|6.9|169|3.7|8.7|0.24|1.17|3.1|2.24|519|12.0|185|4.3
Gastao Elias|305|5.2|0.34|1.61|4.1|226|3.9|8.2|0.25|1.19|3.1|1.35|228|3.9|225|3.9
Peter Gojowczyk|1162|8.8|0.57|2.73|7.0|660|5.0|10.9|0.32|1.55|4.0|1.76|1469|11.3|503|3.9
Lloyd George Muirhead Harris|1278|12.8|0.80|3.86|9.9|294|3.0|8.2|0.19|0.89|2.3|4.35|661|6.6|356|3.6
Robin Haase|3132|8.1|0.52|2.53|6.6|1327|3.4|8.4|0.22|1.07|2.8|2.36|2812|7.3|1295|3.4
Alessandro Giannessi|124|4.1|0.27|1.36|3.6|145|4.7|13.6|0.32|1.59|4.3|0.86|162|5.4|138|4.6
Tennys Sandgren|1040|10.2|0.65|3.23|8.6|331|3.2|8.3|0.21|1.03|2.7|3.14|689|6.9|317|3.2
Pablo Cuevas|2518|7.4|0.47|2.30|5.8|1202|3.6|9.1|0.23|1.10|2.8|2.09|2179|6.4|1157|3.4
Juan Ignacio Londero|300|4.4|0.28|1.36|3.6|238|3.5|9.1|0.22|1.08|2.9|1.26|585|8.6|268|3.9
Egor Gerasimov|775|9.3|0.60|3.00|7.8|363|4.4|12.4|0.28|1.41|3.6|2.13|670|8.2|287|3.5
Salvatore Caruso|209|4.1|0.27|1.28|3.3|175|3.4|8.4|0.23|1.07|2.8|1.19|441|8.7|205|4.0
Pierre Hugues Herbert|1903|10.2|0.66|3.31|8.7|902|4.8|11.7|0.31|1.57|4.1|2.11|1253|7.0|732|4.1
Ernests Gulbis|4247|11.8|0.75|3.67|9.4|1916|5.3|13.3|0.34|1.65|4.2|2.22|2399|6.7|1283|3.6
Stefano Travaglia|611|8.6|0.57|2.83|7.4|289|4.1|9.1|0.27|1.34|3.5|2.11|466|6.9|225|3.3
Bjorn Fratangelo|300|6.1|0.40|1.90|5.0|205|4.2|9.7|0.27|1.30|3.4|1.46|495|10.3|204|4.2
Thomas Fabbiano|178|2.3|0.15|0.72|2.0|285|3.7|10.6|0.24|1.15|3.2|0.62|883|11.3|350|4.5
Yasutaka Uchiyama|261|9.2|0.58|2.75|7.3|83|2.9|7.6|0.18|0.87|2.3|3.14|244|8.5|115|4.0
Sam Querrey|8900|15.8|0.98|4.96|12.8|2387|4.2|10.4|0.26|1.33|3.4|3.73|4722|8.3|2095|3.7
Aljaz Bedene|2385|10.4|0.66|3.24|8.3|864|3.8|8.7|0.24|1.18|3.0|2.76|1815|7.8|881|3.8
Prajnesh Gunneswaran|163|6.4|0.40|1.90|4.7|85|3.3|8.7|0.21|0.99|2.4|1.92|237|9.4|114|4.5
Kenny De Schepper|715|10.2|0.66|3.28|8.2|373|5.3|16.0|0.34|1.71|4.3|1.92|456|6.8|200|3.0
Andreas Seppi|3860|6.1|0.39|1.91|5.0|2139|3.4|8.1|0.22|1.06|2.8|1.80|5208|8.2|2367|3.7
Gerald Melzer|205|5.1|0.33|1.56|3.9|146|3.6|10.1|0.23|1.11|2.8|1.40|325|8.2|161|4.0
Marius Copil|1525|13.8|0.86|4.32|11.1|415|3.7|8.8|0.24|1.18|3.0|3.67|732|6.6|430|3.9
Cem Ilkel|102|5.1|0.34|1.59|4.3|65|3.3|8.1|0.22|1.02|2.7|1.57|101|5.3|64|3.4
Lucas Pouille|2054|8.8|0.58|2.86|7.7|1027|4.4|10.0|0.29|1.43|3.9|2.00|1899|8.5|773|3.5
Jason Jung|109|4.6|0.30|1.49|3.6|84|3.5|10.2|0.23|1.15|2.8|1.30|267|11.3|115|4.9
Guido Andreozzi|146|4.9|0.33|1.55|4.1|171|5.7|14.6|0.39|1.82|4.8|0.85|238|8.4|102|3.6
Evgeny Donskoy|835|6.2|0.41|1.96|5.0|392|2.9|7.0|0.19|0.92|2.4|2.13|1127|8.5|480|3.6
Mirza Basic|362|7.3|0.47|2.32|5.9|124|2.5|6.1|0.16|0.79|2.0|2.92|480|10.1|210|4.4
Roger Federer|11452|10.0|0.61|2.97|7.8|2756|2.4|6.4|0.15|0.71|1.9|4.16|7143|5.9|4331|3.5
Jimmy Connors|140|2.1|0.14|0.67|1.8|196|3.0|8.5|0.20|0.94|2.5|0.71|530|8.2|259|4.0
Ivan Lendl|1701|8.8|0.56|2.68|6.9|656|3.4|7.8|0.22|1.03|2.7|2.59|1267|6.2|784|3.9
Pete Sampras|8689|13.1|0.83|4.11|11.0|2940|4.4|10.9|0.28|1.39|3.7|2.96|5858|8.6|2803|4.1
John McEnroe|514|6.8|0.44|2.08|5.4|384|5.1|11.7|0.33|1.55|4.0|1.34|503|6.5|306|4.0
Bjorn Borg|45|5.7|0.36|1.67|3.8|50|6.3|14.3|0.40|1.85|4.2|0.90|52|6.6|34|4.3
Andre Agassi|4055|6.2|0.39|1.82|4.8|2089|3.2|8.5|0.20|0.94|2.5|1.94|6798|9.7|3153|4.5
Boris Becker|4362|12.2|0.80|3.92|10.4|2014|5.6|13.2|0.37|1.81|4.8|2.17|2509|6.8|1394|3.8
Stefan Edberg|1405|4.0|0.26|1.23|3.2|1630|4.6|12.0|0.30|1.42|3.7|0.86|2068|5.6|1408|3.8
Mats Wilander|363|3.7|0.24|1.15|3.0|276|2.8|8.0|0.18|0.87|2.3|1.32|556|5.6|351|3.5
Lleyton Hewitt|5100|7.7|0.49|2.32|6.2|2953|4.5|9.7|0.28|1.34|3.6|1.73|5733|8.3|2793|4.1
Andy Roddick|9067|15.5|0.93|4.63|11.7|1581|2.7|7.7|0.16|0.81|2.0|5.73|6299|10.2|2363|3.8
Jim Courier|2852|6.5|0.41|2.00|5.2|1423|3.2|8.5|0.21|1.00|2.6|2.00|3348|7.3|1931|4.2
Michael Chang|3357|5.5|0.36|1.69|4.3|1505|2.5|5.6|0.16|0.76|1.9|2.23|4016|6.4|2671|4.3
Yevgeny Kafelnikov|4711|7.0|0.45|2.20|5.6|3413|5.0|11.4|0.33|1.60|4.1|1.38|6758|10.0|3118|4.6
Gustavo Kuerten|4303|10.5|0.67|3.26|8.5|1255|3.0|6.7|0.20|0.95|2.5|3.43|3021|7.2|1717|4.1
Goran Ivanisevic|10131|17.1|1.10|5.45|13.9|3546|6.0|13.3|0.39|1.91|4.9|2.86|5079|8.6|2437|4.1
David Ferrer|2930|3.5|0.23|1.06|2.7|2811|3.4|9.2|0.22|1.02|2.6|1.04|4346|5.1|3025|3.6
Thomas Muster|1813|4.0|0.26|1.22|3.0|1416|3.1|8.1|0.20|0.95|2.4|1.28|3086|6.5|2021|4.3
Juan Martin Del Potro|4459|9.8|0.61|2.96|7.5|1364|3.0|8.3|0.19|0.91|2.3|3.27|4238|9.0|1629|3.5
Michael Stich|3452|9.9|0.64|3.15|8.3|1673|4.8|11.1|0.31|1.53|4.0|2.06|1440|4.1|1407|4.0
Marat Safin|5680|10.6|0.67|3.34|8.9|1557|2.9|6.5|0.18|0.91|2.5|3.65|3323|6.0|2229|4.1
Juan Carlos Ferrero|2887|5.1|0.33|1.57|4.1|1609|2.9|7.9|0.18|0.87|2.3|1.79|4565|7.8|2380|4.1
Carlos Moya|4404|6.4|0.41|2.01|5.2|2186|3.2|7.7|0.21|1.00|2.6|2.01|3667|5.2|2815|4.0
Patrick Rafter|3633|8.7|0.56|2.71|7.1|1858|4.4|11.7|0.28|1.39|3.6|1.96|2207|5.2|1904|4.5
Yannick Noah|84|6.1|0.41|1.91|4.4|59|4.3|9.6|0.29|1.34|3.1|1.42|51|4.0|40|3.1
Tomas Berdych|7195|10.1|0.63|3.02|7.7|2290|3.2|7.7|0.20|0.96|2.5|3.14|6133|8.4|2684|3.7
Marcelo Rios|2508|6.2|0.40|1.90|4.6|1515|3.7|8.8|0.24|1.15|2.8|1.66|2761|6.6|1781|4.2
Nikolay Davydenko|2527|4.3|0.28|1.30|3.2|2041|3.5|10.6|0.22|1.05|2.6|1.24|3465|5.7|2057|3.4
Richard Krajicek|7648|15.6|0.99|4.89|12.6|2191|4.5|10.7|0.28|1.40|3.6|3.49|2410|4.7|2212|4.4
Sergi Bruguera|2181|5.2|0.33|1.56|3.9|1046|2.5|6.0|0.16|0.75|1.8|2.09|1932|4.5|1653|3.9
Jo Wilfried Tsonga|6735|12.2|0.76|3.77|9.9|1651|3.0|7.9|0.19|0.92|2.4|4.08|3608|6.5|1795|3.2
Kei Nishikori|2044|4.2|0.27|1.26|3.3|1623|3.3|8.6|0.21|1.00|2.6|1.26|4065|8.0|1957|3.9
David Nalbandian|2030|4.6|0.30|1.42|3.7|1787|4.1|10.0|0.26|1.25|3.3|1.14|3412|7.6|1763|3.9
Alex Corretja|2617|4.8|0.31|1.48|3.8|1633|3.0|7.0|0.19|0.92|2.3|1.60|2908|5.2|2105|3.8
Johan Kriek|53|6.4|0.44|2.12|4.8|64|7.7|16.4|0.53|2.56|5.8|0.83|48|5.9|36|4.4
Tommy Haas|5893|8.8|0.55|2.71|6.9|3300|4.9|11.8|0.31|1.52|3.9|1.79|5987|8.9|2634|3.9
Thomas Enqvist|5431|9.8|0.63|3.05|7.7|3261|5.9|13.0|0.38|1.83|4.6|1.67|5834|10.4|2434|4.4
Andres Gomez|396|7.0|0.47|2.30|5.7|239|4.2|9.6|0.28|1.39|3.5|1.66|189|3.5|197|3.7
Petr Korda|2223|5.3|0.35|1.68|4.3|2444|5.8|14.1|0.38|1.85|4.8|0.91|2502|5.9|1737|4.1
Milos Raonic|8157|19.7|1.18|6.03|15.5|1724|4.2|11.2|0.25|1.28|3.3|4.73|3051|7.0|1395|3.2
Tim Henman|4309|7.3|0.47|2.27|6.0|2600|4.4|10.4|0.28|1.37|3.6|1.66|3102|5.2|2534|4.2
Guillermo Coria|917|3.8|0.24|1.12|2.9|1191|4.9|13.2|0.31|1.46|3.7|0.77|1165|4.6|932|3.7
Brad Gilbert|1200|6.7|0.44|2.09|5.5|799|4.5|10.2|0.29|1.39|3.7|1.50|798|4.6|652|3.7
Todd Martin|5663|11.0|0.72|3.53|9.5|1956|3.8|9.9|0.25|1.22|3.3|2.90|3768|7.2|2396|4.6
Tim Mayotte|181|8.2|0.53|2.66|7.0|160|7.2|15.9|0.47|2.35|6.2|1.13|90|4.1|96|4.4
Albert Costa|2225|4.5|0.29|1.39|3.5|1307|2.6|7.9|0.17|0.82|2.1|1.70|3242|6.5|2178|4.3
Andrei Medvedev|2768|6.8|0.45|2.11|5.6|1739|4.3|10.0|0.28|1.33|3.5|1.59|1966|4.7|1864|4.5
Wayne Ferreira|5584|8.7|0.57|2.74|7.2|2306|3.6|8.0|0.23|1.13|3.0|2.42|3506|5.4|2700|4.1
Greg Rusedski|7589|13.7|0.86|4.35|11.2|3145|5.7|13.5|0.36|1.80|4.6|2.41|3438|6.1|2270|4.0
Robin Soderling|3868|11.0|0.68|3.33|8.5|1361|3.9|10.0|0.24|1.17|3.0|2.84|3517|9.9|1216|3.4
Fernando Gonzalez|3751|8.6|0.54|2.66|7.0|2184|5.0|12.8|0.32|1.55|4.1|1.72|3041|7.0|1573|3.6
Ivan Ljubicic|8117|14.7|0.93|4.67|12.0|1687|3.1|7.3|0.19|0.97|2.5|4.81|3995|7.3|1920|3.5
Pat Cash|346|6.8|0.46|2.23|6.0|231|4.6|10.9|0.31|1.49|4.0|1.50|214|4.5|208|4.4
Guy Forget|2493|10.7|0.69|3.39|9.0|642|2.8|6.6|0.18|0.87|2.3|3.88|1835|7.8|887|3.8
Mark Philippoussis|6696|16.2|1.04|5.19|13.9|2492|6.0|14.3|0.39|1.93|5.2|2.69|3406|8.2|1670|4.0
Henri Leconte|783|7.3|0.48|2.32|6.1|593|5.5|11.0|0.36|1.75|4.6|1.32|583|5.4|470|4.4
Cedric Pioline|3687|7.0|0.46|2.22|5.8|2363|4.5|10.4|0.29|1.42|3.7|1.56|3660|6.9|2206|4.2
Sebastien Grosjean|3123|6.9|0.44|2.12|5.6|960|2.1|4.8|0.14|0.65|1.7|3.25|2392|5.2|1920|4.2
Anders Jarryd|600|4.9|0.31|1.47|3.6|614|5.1|11.1|0.32|1.50|3.7|0.98|663|5.3|564|4.5
Magnus Norman|2510|8.0|0.53|2.53|6.3|1033|3.3|7.8|0.22|1.04|2.6|2.43|2171|6.9|1261|4.0
Emilio Sanchez|990|4.6|0.30|1.44|3.5|358|1.6|4.7|0.11|0.52|1.3|2.77|1016|4.7|717|3.3
Tommy Robredo|3233|4.8|0.30|1.44|3.7|2039|3.0|8.5|0.19|0.91|2.3|1.59|3373|4.9|2669|3.8
Marc Rosset|6153|12.3|0.79|3.84|9.5|3422|6.9|15.7|0.44|2.13|5.3|1.80|3069|6.0|2086|4.1
Jonas Bjorkman|3098|5.3|0.35|1.64|4.2|2504|4.3|10.1|0.28|1.32|3.4|1.24|4160|7.0|2700|4.5
James Blake|3473|7.3|0.47|2.28|5.9|1648|3.5|8.2|0.22|1.08|2.8|2.11|3526|7.5|1839|3.9
Gaston Gaudio|1228|3.5|0.23|1.07|2.8|1381|3.9|10.4|0.26|1.20|3.1|0.89|2459|6.9|1427|4.0
Andrei Chesnokov|881|3.6|0.24|1.15|2.9|840|3.5|8.3|0.23|1.09|2.7|1.05|1021|4.3|825|3.4
Mikhail Youzhny|3503|5.0|0.32|1.54|4.0|2326|3.3|8.4|0.21|1.02|2.6|1.51|4765|6.8|2549|3.6
Aaron Krickstein|995|5.1|0.34|1.64|4.3|527|2.7|6.5|0.18|0.87|2.3|1.89|1557|8.1|819|4.2
Kevin Anderson|7685|15.7|0.97|4.94|12.9|1792|3.7|10.3|0.23|1.15|3.0|4.29|3697|7.4|1837|3.7
Alberto Berasategui|758|2.1|0.14|0.67|1.6|1266|3.6|13.6|0.24|1.11|2.7|0.60|1710|4.8|1445|4.0
Magnus Gustafsson|1445|3.7|0.24|1.13|2.9|1785|4.6|13.2|0.30|1.39|3.5|0.81|2101|5.2|1583|3.9
Nicolas Kiefer|4081|8.9|0.57|2.72|6.8|2287|5.0|10.5|0.32|1.53|3.8|1.78|3421|7.5|2108|4.6
Thomas Johansson|5113|10.4|0.67|3.25|8.3|1773|3.6|7.7|0.23|1.13|2.9|2.88|4670|9.4|2128|4.3
Kevin Curren|500|9.3|0.61|2.91|7.6|241|4.5|8.9|0.29|1.40|3.7|2.07|393|7.3|217|4.0
Felix Mantilla|1503|3.7|0.24|1.15|2.9|1225|3.0|8.1|0.20|0.94|2.3|1.23|2949|7.3|1641|4.1
Magnus Larsson|3078|8.1|0.52|2.52|6.6|1163|3.1|8.4|0.20|0.95|2.5|2.65|2569|6.7|1505|3.9
Guillermo Canas|2152|6.4|0.41|1.95|5.0|1270|3.8|9.0|0.24|1.15|2.9|1.69|1753|5.0|1385|3.9
Nicolas Almagro|5477|10.6|0.67|3.30|8.3|1662|3.2|7.7|0.20|1.00|2.5|3.30|3675|6.9|1756|3.3
Feliciano Lopez|10234|12.7|0.81|4.05|10.5|3388|4.2|10.1|0.27|1.34|3.5|3.02|7568|9.5|2874|3.6
Mardy Fish|4924|12.7|0.79|3.87|9.9|1439|3.7|8.0|0.23|1.13|2.9|3.42|2989|7.6|1645|4.2
Ivo Karlovic|13762|23.4|1.43|7.68|19.8|2469|4.2|12.2|0.26|1.38|3.6|5.57|4340|7.3|2074|3.5
Karel Novacek|1913|7.8|0.51|2.44|6.2|705|2.9|6.7|0.19|0.90|2.3|2.71|1396|5.7|885|3.6
Martin Jaite|383|6.0|0.39|1.88|4.5|206|3.2|6.6|0.21|1.01|2.4|1.86|175|2.7|241|3.8
Jiri Novak|2253|5.1|0.33|1.56|4.0|1227|2.8|8.0|0.18|0.85|2.2|1.84|2908|6.5|1917|4.3
Radek Stepanek|4112|8.0|0.51|2.44|6.2|2020|3.9|10.3|0.25|1.20|3.1|2.04|3968|7.6|1904|3.6
Rainer Schuettler|2124|4.4|0.28|1.34|3.4|1939|4.0|9.7|0.26|1.22|3.1|1.10|3057|6.3|1908|3.9
Dominik Hrbaty|3181|6.5|0.42|2.00|5.1|2582|5.3|12.1|0.34|1.62|4.1|1.23|4022|8.0|2111|4.2
Guillermo Perez Roldan|160|1.9|0.13|0.59|1.3|150|1.8|5.5|0.12|0.56|1.3|1.07|291|3.5|264|3.2
Sjeng Schalken|2019|4.8|0.31|1.50|3.8|1842|4.4|11.7|0.29|1.37|3.5|1.10|2805|6.7|1800|4.3
Karol Kucera|2436|6.5|0.42|2.00|5.0|2315|6.2|13.9|0.40|1.90|4.8|1.05|1834|4.8|1566|4.1
Malivai Washington|2026|6.9|0.45|2.14|5.4|1151|3.9|9.6|0.25|1.22|3.1|1.76|1841|6.2|1229|4.1
Alberto Mancini|355|3.7|0.24|1.15|2.9|253|2.6|7.1|0.17|0.82|2.1|1.40|525|5.5|348|3.6
Mikael Pernfors|172|4.1|0.27|1.24|3.0|155|3.7|7.8|0.24|1.12|2.7|1.11|237|5.5|172|4.0
Jimmy Arias|136|2.5|0.17|0.78|1.9|205|3.8|12.3|0.25|1.18|2.9|0.66|192|3.6|213|4.0
Juan Monaco|1309|3.0|0.19|0.91|2.2|1125|2.5|7.9|0.16|0.78|1.9|1.16|2475|5.4|1720|3.8
Jonas Svensson|492|3.6|0.24|1.13|2.9|341|2.5|7.0|0.17|0.78|2.0|1.44|709|5.2|533|3.9
Nicolas Lapentti|2686|6.0|0.39|1.88|4.8|1488|3.3|8.4|0.22|1.04|2.7|1.81|2495|5.6|1798|4.0
Marcos Baghdatis|4350|9.1|0.58|2.84|7.3|1954|4.1|8.8|0.26|1.28|3.3|2.23|3205|6.6|1836|3.8
David Wheaton|2471|9.2|0.62|2.97|7.9|1409|5.3|13.1|0.35|1.69|4.5|1.75|2177|8.2|1256|4.7
Nicolas Massu|1926|5.7|0.38|1.80|4.4|1288|3.8|9.3|0.25|1.20|2.9|1.50|2298|6.9|1281|3.9
Juan Ignacio Chela|1800|4.0|0.26|1.22|3.1|1668|3.7|9.4|0.24|1.13|2.9|1.08|2271|5.0|1626|3.6
Amos Mansdorf|813|4.9|0.32|1.55|3.8|480|2.9|6.8|0.19|0.91|2.3|1.69|1266|7.7|679|4.1
Jakob Hlasek|1803|7.4|0.48|2.34|6.0|1059|4.4|10.7|0.28|1.38|3.5|1.70|1638|6.7|1041|4.2
Jaime Yzaga|461|2.4|0.16|0.78|2.0|680|3.6|8.9|0.24|1.15|3.0|0.68|1165|6.1|750|3.9
Carlos Costa|1712|5.4|0.36|1.70|4.2|1069|3.4|7.6|0.22|1.06|2.6|1.60|1154|3.6|1164|3.7
Janko Tipsarevic|3452|8.7|0.56|2.73|6.9|1254|3.2|7.3|0.20|0.99|2.5|2.75|3726|9.3|1465|3.7
Nicolas Escude|1856|8.2|0.53|2.56|6.6|977|4.3|9.9|0.28|1.35|3.5|1.90|1519|6.7|1041|4.6
Juan Aguilera|32|2.7|0.18|0.78|1.8|51|4.4|10.2|0.28|1.24|2.8|0.63|43|3.9|31|2.8
Andrei Pavel|2390|6.2|0.40|1.94|4.9|1020|2.7|7.5|0.17|0.83|2.1|2.34|2780|7.2|1456|3.8
Ramesh Krishnan|25|0.9|0.06|0.26|0.6|103|3.6|11.7|0.23|1.08|2.6|0.24|194|6.6|158|5.4
Fabrice Santoro|2609|3.9|0.26|1.23|3.1|1988|3.0|7.1|0.20|0.93|2.4|1.31|3744|5.7|2515|3.8
Jurgen Melzer|3411|6.7|0.43|2.09|5.4|1824|3.6|9.3|0.23|1.12|2.9|1.87|3950|7.8|1901|3.8
Younes El Aynaoui|3132|8.6|0.56|2.75|6.9|1401|3.9|10.1|0.25|1.23|3.1|2.24|2002|5.5|1417|3.9
Arnaud Clement|3142|6.3|0.41|1.97|5.1|1733|3.5|8.0|0.23|1.09|2.8|1.81|4910|10.0|2188|4.5
Mario Ancic|2942|11.8|0.73|3.61|9.3|848|3.4|8.8|0.21|1.04|2.7|3.47|1382|5.4|939|3.7
Francisco Clavet|1227|2.4|0.15|0.72|1.8|1497|2.9|7.9|0.19|0.88|2.2|0.82|2779|5.2|2152|4.0
Horst Skoff|518|4.1|0.27|1.26|2.9|479|3.8|9.2|0.25|1.17|2.7|1.08|891|7.1|494|3.9
Alexander Volkov|1898|5.9|0.39|1.88|4.9|1387|4.3|9.1|0.29|1.37|3.6|1.37|2524|7.9|1383|4.3
Wally Masur|995|5.8|0.37|1.85|4.9|454|2.7|7.9|0.17|0.84|2.2|2.19|1224|7.1|725|4.2
Philipp Kohlschreiber|4696|7.3|0.46|2.22|5.6|1763|2.7|6.9|0.17|0.83|2.1|2.66|5065|7.7|2225|3.4
Jordi Arrese|248|1.4|0.09|0.43|1.0|490|2.7|9.7|0.18|0.84|2.1|0.51|717|3.9|678|3.7
Paradorn Srichaphan|2507|8.2|0.52|2.52|6.3|1360|4.5|10.3|0.28|1.37|3.4|1.84|2108|6.9|1158|3.8
Jason Stoltenberg|2428|6.8|0.45|2.12|5.4|1621|4.6|10.6|0.30|1.41|3.6|1.50|1512|4.2|1518|4.2
Mark Woodforde|1989|5.8|0.38|1.83|4.7|1522|4.4|10.4|0.29|1.40|3.6|1.31|2477|7.1|1592|4.5
Alexandr Dolgopolov|3147|10.0|0.63|3.04|7.6|1135|3.6|7.9|0.23|1.10|2.8|2.77|2613|8.1|1276|4.0
Scott Davis|125|4.1|0.27|1.32|3.4|201|6.5|15.0|0.44|2.12|5.4|0.62|225|7.4|123|4.0
Max Mirnyi|4067|11.7|0.74|3.69|9.3|1598|4.6|12.3|0.29|1.45|3.7|2.55|2282|6.6|1345|3.9
Chris Woodruff|1255|7.3|0.47|2.30|6.0|890|5.1|13.0|0.34|1.63|4.3|1.41|1476|8.5|793|4.6
John Fitzgerald|90|2.8|0.18|0.87|2.1|171|5.3|13.8|0.35|1.64|4.1|0.53|180|5.5|154|4.7
Martin Klizan|1292|5.7|0.38|1.82|4.7|1005|4.5|10.8|0.29|1.42|3.6|1.29|1748|8.1|780|3.6
Michael Llodra|3091|10.1|0.64|3.14|7.8|1317|4.3|11.4|0.27|1.34|3.3|2.35|2320|7.7|1077|3.6
Jan Siemerink|3386|8.1|0.53|2.61|6.7|2354|5.6|12.8|0.37|1.81|4.7|1.44|2036|5.0|1873|4.6
Arnaud Boetsch|1555|5.3|0.35|1.66|4.1|1234|4.2|9.8|0.27|1.31|3.2|1.26|1620|5.4|1265|4.2
Mariano Puerta|841|4.8|0.31|1.45|3.5|469|2.7|7.7|0.17|0.81|2.0|1.79|1761|10.2|668|3.9
Mariano Zabaleta|1664|5.3|0.35|1.67|4.1|1378|4.4|10.3|0.29|1.38|3.4|1.21|1792|5.6|1246|3.9
Slobodan Zivojinovic|109|14.6|0.96|4.74|12.1|29|3.9|9.0|0.26|1.26|3.2|3.76|81|11.5|23|3.3
Todd Woodbridge|1224|3.6|0.24|1.16|3.0|1825|5.4|13.1|0.36|1.73|4.5|0.67|1820|5.4|1501|4.5
Goran Prpic|308|3.1|0.20|0.95|2.4|321|3.2|11.3|0.21|0.99|2.5|0.96|489|4.8|323|3.2
Dmitry Tursunov|3219|8.9|0.57|2.83|7.4|1690|4.7|10.9|0.30|1.49|3.9|1.90|3261|9.4|1304|3.7
Luiz Mattar|861|7.0|0.46|2.18|5.3|336|2.7|6.4|0.18|0.85|2.1|2.56|726|6.0|420|3.5
Albert Montanes|1814|4.6|0.29|1.38|3.4|1707|4.3|10.8|0.28|1.30|3.2|1.06|2885|7.3|1470|3.7
Javier Sanchez|1222|3.2|0.21|1.01|2.5|1204|3.2|9.3|0.21|0.99|2.5|1.01|1664|4.3|1364|3.6
Carl Uwe Steeb|615|3.6|0.24|1.12|2.8|386|2.3|5.6|0.15|0.71|1.7|1.59|1059|6.2|650|3.8
Jan Michael Gambill|4194|13.7|0.89|4.38|10.8|1324|4.3|9.8|0.28|1.38|3.4|3.17|2654|8.9|1361|4.5
Robby Ginepri|2231|7.3|0.46|2.23|5.8|886|2.9|7.7|0.18|0.89|2.3|2.52|2569|8.4|1303|4.3
Agustin Calleri|2659|9.0|0.58|2.78|7.0|1313|4.5|10.0|0.28|1.37|3.4|2.03|1617|5.3|1121|3.7
Andrei Cherkasov|656|3.0|0.20|0.96|2.4|669|3.1|7.7|0.20|0.98|2.4|0.98|1437|6.5|927|4.2
Florian Mayer|2034|5.7|0.36|1.71|4.2|869|2.4|6.3|0.16|0.73|1.8|2.34|2673|7.4|1301|3.6
Hicham Arazi|1632|5.0|0.33|1.54|4.0|862|2.6|6.2|0.17|0.81|2.1|1.89|2409|7.4|1310|4.0
Marcelo Filippini|526|2.4|0.15|0.72|1.7|572|2.6|7.6|0.17|0.79|1.9|0.92|942|4.1|855|3.7
Bernard Tomic|2781|9.4|0.61|3.05|7.9|618|2.1|6.2|0.14|0.68|1.8|4.50|3484|12.3|1053|3.7
Jacco Eltingh|1926|9.2|0.61|3.00|7.6|980|4.7|12.4|0.31|1.53|3.9|1.97|1800|8.9|778|3.9
Marcel Granollers|1832|5.4|0.34|1.62|4.1|1045|3.1|7.9|0.20|0.93|2.3|1.75|1668|4.9|1190|3.5
Paul Henri Mathieu|2789|6.3|0.40|1.98|4.9|1759|3.9|8.8|0.26|1.25|3.1|1.59|4699|10.9|1669|3.9
Richard Fromberg|3687|10.0|0.66|3.25|8.4|1638|4.4|10.8|0.29|1.44|3.7|2.25|1538|4.3|1334|3.7
Taylor Dent|2129|9.7|0.62|3.01|7.5|1643|7.5|17.4|0.48|2.32|5.8|1.30|1319|6.1|904|4.1
Fernando Meligeni|1344|4.5|0.30|1.42|3.5|1261|4.3|9.8|0.28|1.33|3.3|1.07|1345|4.6|1246|4.3
Franco Squillari|1090|4.6|0.31|1.45|3.6|1428|6.0|14.1|0.40|1.90|4.7|0.76|1059|4.5|888|3.8
Igor Andreev|2135|6.1|0.39|1.89|4.9|1142|3.3|8.7|0.21|1.01|2.6|1.87|1994|5.6|1327|3.7
Joachim Johansson|1723|18.5|1.15|5.88|14.4|518|5.5|14.6|0.35|1.77|4.3|3.33|1179|12.6|376|4.0
Jose Acasuso|1916|7.3|0.47|2.23|5.3|971|3.7|8.1|0.24|1.13|2.7|1.97|1756|6.7|974|3.7
Paul Annacone|82|8.9|0.62|3.04|8.2|66|7.2|16.1|0.50|2.44|6.6|1.24|51|6.3|53|6.6
Peter Lundgren|285|6.4|0.42|2.01|5.0|269|6.1|12.7|0.40|1.89|4.7|1.06|466|10.5|195|4.4
Richey Reneberg|1821|5.9|0.38|1.84|4.6|1025|3.3|7.5|0.22|1.03|2.6|1.78|2727|8.7|1329|4.2
Viktor Troicki|4243|10.2|0.65|3.12|7.8|1353|3.2|8.3|0.21|0.99|2.5|3.14|2354|5.6|1511|3.6
Bernd Karbacher|1542|6.5|0.44|2.11|5.4|865|3.7|8.0|0.25|1.18|3.0|1.78|1148|5.0|896|3.9
Byron Black|1534|4.4|0.29|1.37|3.4|1200|3.5|8.7|0.23|1.07|2.7|1.28|3305|9.4|1767|5.0
David Pate|209|6.9|0.45|2.09|5.4|130|4.3|10.9|0.28|1.30|3.3|1.61|141|4.7|120|4.0
Martin Verkerk|1508|15.1|0.96|4.80|12.4|597|6.0|14.7|0.38|1.90|4.9|2.53|779|8.1|357|3.7
Paul Haarhuis|1924|5.7|0.37|1.77|4.5|963|2.8|7.1|0.19|0.89|2.3|2.00|1909|5.7|1372|4.1
Vincent Spadea|2353|4.5|0.30|1.43|3.6|1791|3.4|8.1|0.23|1.09|2.7|1.31|3367|6.6|2394|4.7
Albert Portas|1382|5.4|0.36|1.67|4.1|1226|4.8|11.2|0.32|1.48|3.6|1.13|1673|6.6|1008|4.0
Guillermo Garcia Lopez|2360|4.6|0.30|1.43|3.6|2576|5.0|12.1|0.33|1.56|4.0|0.92|3563|6.9|1908|3.7
Thomaz Bellucci|2336|7.4|0.48|2.31|6.1|1247|4.0|9.5|0.26|1.23|3.2|1.87|1823|5.7|1144|3.6
Andrea Gaudenzi|1012|3.2|0.21|0.97|2.4|1413|4.4|11.6|0.29|1.36|3.4|0.72|2156|6.6|1377|4.2
Bohdan Ulihrach|1471|4.2|0.28|1.31|3.2|1680|4.8|11.4|0.32|1.49|3.7|0.88|2536|7.3|1487|4.3
Kenneth Carlsen|3956|9.9|0.64|3.11|7.9|1656|4.1|9.9|0.27|1.30|3.3|2.39|2701|6.7|1623|4.0
Ronald Agenor|630|3.9|0.26|1.25|3.1|388|2.4|6.7|0.16|0.77|1.9|1.62|916|5.8|601|3.8
Slava Dosedel|955|3.3|0.22|1.04|2.6|977|3.4|9.6|0.22|1.07|2.7|0.98|1423|4.9|1244|4.3
Xavier Malisse|3722|8.9|0.56|2.71|6.8|1219|2.9|6.8|0.18|0.89|2.2|3.05|2864|6.7|1644|3.8
Darren Cahill|129|4.4|0.28|1.39|3.7|102|3.4|8.6|0.23|1.10|2.9|1.26|174|6.0|111|3.8
Filip Dewulf|760|5.0|0.33|1.57|4.0|861|5.6|12.6|0.37|1.78|4.5|0.88|1250|8.3|610|4.1
Jarkko Nieminen|2183|3.9|0.25|1.23|3.1|1482|2.7|7.7|0.17|0.83|2.1|1.47|4295|7.8|2021|3.7
Leonardo Mayer|2329|7.9|0.50|2.45|6.4|1296|4.4|11.3|0.28|1.37|3.6|1.80|1769|5.9|996|3.3
Renzo Furlan|1253|4.1|0.27|1.25|3.1|708|2.3|5.6|0.15|0.71|1.8|1.77|1747|5.6|1110|3.5
Roberto Carretero|90|1.7|0.12|0.55|1.3|264|5.1|16.6|0.34|1.61|3.9|0.34|336|6.6|193|3.8
Horacio De La Pena|129|1.7|0.11|0.51|1.2|136|1.8|5.8|0.12|0.53|1.3|0.95|293|3.9|283|3.7
Nicolas Mahut|3123|9.5|0.61|3.03|7.7|1419|4.3|11.1|0.28|1.38|3.5|2.20|3015|9.3|1187|3.7
Sergiy Stakhovsky|2335|8.3|0.53|2.62|6.7|933|3.3|8.7|0.21|1.05|2.7|2.50|1754|6.3|965|3.5
Fernando Vicente|1100|3.8|0.25|1.17|3.0|1027|3.5|8.8|0.23|1.09|2.8|1.07|1431|5.0|1173|4.1
Franco Davin|180|1.7|0.11|0.52|1.3|270|2.5|8.4|0.17|0.78|1.9|0.67|450|4.2|372|3.5
Kelly Evernden|101|4.6|0.30|1.42|3.5|55|2.5|6.0|0.16|0.77|1.9|1.84|98|4.5|66|3.0
Nicklas Kulti|1442|6.5|0.43|2.02|5.2|904|4.1|9.4|0.27|1.27|3.3|1.60|1986|8.7|971|4.3
Paolo Cane|305|7.0|0.46|2.16|5.3|125|2.9|5.8|0.19|0.89|2.2|2.44|341|7.8|153|3.5
Stefan Koubek|1517|4.5|0.29|1.40|3.6|1340|4.0|10.0|0.26|1.24|3.1|1.13|1820|5.5|1407|4.3
Dan Goldie|76|3.8|0.26|1.29|3.3|182|9.0|18.7|0.63|3.08|7.9|0.42|87|4.6|103|5.4
Davide Sanguinetti|2134|6.7|0.45|2.14|5.5|969|3.1|7.0|0.20|0.97|2.5|2.20|1980|6.3|1383|4.4
Gilles Muller|5349|16.1|1.01|5.18|13.3|1460|4.4|11.4|0.28|1.41|3.6|3.66|3284|10.2|1215|3.8
Karim Alami|1404|5.8|0.38|1.82|4.5|916|3.8|8.7|0.25|1.19|2.9|1.53|1077|4.4|936|3.8
Kyle Edmund|1397|7.4|0.47|2.32|6.0|612|3.3|8.1|0.21|1.01|2.6|2.28|1784|9.6|787|4.2
Derrick Rostagno|966|6.8|0.45|2.18|5.6|599|4.2|10.9|0.28|1.35|3.5|1.61|693|4.9|571|4.1
Jan Gunnarsson|209|6.6|0.43|1.97|4.8|123|3.9|7.5|0.26|1.16|2.8|1.70|301|10.2|98|3.3
Patrick McEnroe|727|3.5|0.24|1.15|3.0|770|3.8|9.6|0.25|1.22|3.1|0.94|2113|10.3|898|4.4
Jerzy Janowicz|1585|11.1|0.71|3.51|9.6|865|6.0|15.9|0.38|1.91|5.2|1.83|1382|9.7|459|3.2
Julien Benneteau|3331|7.5|0.48|2.28|5.9|1883|4.2|11.8|0.27|1.29|3.3|1.77|4007|9.0|1598|3.6
Alberto Martin|980|2.8|0.18|0.84|2.0|1645|4.6|12.0|0.30|1.41|3.4|0.60|1817|5.1|1448|4.1
David Prinosil|2691|8.9|0.60|2.84|7.2|1869|6.2|12.7|0.41|1.97|5.0|1.44|2198|7.5|1348|4.6
Javier Frana|1360|7.6|0.50|2.42|6.3|380|2.1|5.5|0.14|0.67|1.8|3.58|845|4.7|841|4.7
Victor Estrella|390|4.6|0.30|1.43|3.6|273|3.2|9.2|0.21|1.00|2.5|1.43|779|9.7|373|4.6
Christo Van Rensburg|417|4.9|0.32|1.53|3.9|724|8.5|20.1|0.55|2.65|6.8|0.58|428|4.9|403|4.6
Filippo Volandri|276|1.0|0.07|0.31|0.7|914|3.3|10.6|0.22|1.01|2.4|0.30|1499|5.6|978|3.6
Jerome Golmard|1557|7.4|0.48|2.30|5.6|1056|5.0|12.3|0.32|1.56|3.8|1.47|2073|10.0|931|4.5
Jim Grabb|1240|8.0|0.52|2.52|6.4|686|4.4|12.9|0.29|1.39|3.5|1.81|657|4.3|581|3.8
Marc Kevin Goellner|3595|13.0|0.87|4.26|10.7|1585|5.7|11.9|0.38|1.88|4.7|2.27|1895|7.2|950|3.6
Omar Camporese|1055|7.1|0.47|2.23|5.7|487|3.3|6.7|0.22|1.03|2.6|2.17|969|6.7|489|3.4
Steve Darcis|927|5.2|0.33|1.62|4.1|459|2.6|6.6|0.17|0.80|2.0|2.02|1621|9.2|634|3.6
Andreas Vinciguerra|772|5.8|0.39|1.83|4.5|483|3.7|8.9|0.24|1.14|2.8|1.60|1072|8.4|564|4.4
Galo Blanco|1309|5.8|0.38|1.83|4.4|882|3.9|8.7|0.26|1.24|3.0|1.48|1608|7.3|965|4.4
Gilbert Schaller|286|1.6|0.11|0.51|1.2|245|1.4|5.8|0.09|0.44|1.1|1.17|1055|5.8|681|3.7
Guido Pella|1323|6.1|0.39|1.93|5.2|624|2.9|8.2|0.19|0.91|2.4|2.12|1717|7.9|830|3.8
Jeremy Chardy|4804|10.0|0.64|3.16|8.1|2497|5.2|13.1|0.33|1.64|4.2|1.92|4231|8.8|1882|3.9
Mikael Tillstrom|862|4.7|0.31|1.50|4.1|700|3.8|9.3|0.25|1.22|3.3|1.23|1197|6.5|719|3.9
Christian Bergstrom|472|3.3|0.22|1.06|2.7|378|2.7|7.7|0.18|0.85|2.1|1.25|864|6.1|535|3.8
Michiel Schapers|255|4.7|0.30|1.48|3.9|213|3.9|12.0|0.25|1.24|3.3|1.20|255|4.8|204|3.9
Andrei Olhovskiy|1759|9.3|0.62|3.00|7.7|989|5.2|11.9|0.35|1.69|4.3|1.78|1432|7.5|766|4.0
Andrew Ilie|970|5.7|0.38|1.85|4.9|683|4.0|8.8|0.27|1.30|3.4|1.42|1079|6.7|640|4.0
Bryan Shelton|1786|10.2|0.67|3.34|8.7|1086|6.2|14.9|0.41|2.03|5.3|1.64|1066|6.1|836|4.8
Carlos Berlocq|1000|4.2|0.27|1.29|3.2|780|3.3|9.2|0.21|1.01|2.5|1.28|1136|4.8|883|3.7
Christian Saceanu|345|5.3|0.35|1.71|4.6|378|5.9|15.5|0.38|1.87|5.0|0.91|325|5.2|267|4.3
David Sanchez|480|3.1|0.21|0.97|2.4|474|3.1|8.0|0.21|0.95|2.3|1.01|738|4.9|542|3.6
Denis Istomin|2967|8.2|0.52|2.57|6.5|816|2.3|6.5|0.14|0.71|1.8|3.64|2568|7.1|1338|3.7
Florent Serra|1106|4.6|0.31|1.48|3.8|596|2.5|6.4|0.17|0.80|2.0|1.86|2338|10.2|860|3.7
Jaime Oncins|392|3.7|0.25|1.15|2.9|654|6.2|14.1|0.41|1.91|4.8|0.60|443|4.1|412|3.8
Jan Kroslak|829|6.6|0.45|2.13|5.3|915|7.3|18.6|0.50|2.35|5.9|0.91|964|8.0|553|4.6
Jeff Tarango|1817|4.9|0.33|1.57|4.0|1785|4.8|12.6|0.32|1.54|3.9|1.02|3597|9.8|1655|4.5
Jonathan Stark|2555|11.6|0.75|3.67|9.1|1014|4.6|11.3|0.30|1.46|3.6|2.52|1537|6.9|1075|4.8
Julian Alonso|483|5.5|0.37|1.74|4.2|561|6.4|14.2|0.43|2.03|4.9|0.86|550|6.6|351|4.2
Kelly Jones|64|3.6|0.24|1.05|2.6|67|3.7|11.0|0.25|1.10|2.7|0.96|120|6.9|70|4.0
Luis Horna|1167|6.2|0.40|1.99|4.7|666|3.6|10.9|0.23|1.13|2.7|1.75|1748|9.7|677|3.7
Marian Vajda|124|2.8|0.19|0.89|2.3|214|4.9|10.7|0.33|1.53|4.0|0.58|201|4.7|124|2.9
Martin Sinner|536|6.2|0.40|1.95|4.7|579|6.7|15.2|0.43|2.11|5.0|0.93|884|10.3|343|4.0
Nicolas Pereira|731|7.8|0.52|2.52|6.4|373|4.0|10.3|0.26|1.29|3.2|1.96|619|6.7|359|3.9
Olivier Rochus|841|2.2|0.14|0.68|1.7|1250|3.3|8.5|0.21|1.01|2.6|0.67|4599|12.0|1507|3.9
Patrick Baur|515|5.3|0.35|1.71|4.2|403|4.2|9.6|0.28|1.34|3.3|1.28|399|4.2|384|4.0
Rajeev Ram|1137|9.5|0.61|3.01|7.6|436|3.7|9.3|0.24|1.15|2.9|2.61|1077|9.3|462|4.0
Simon Youl|314|5.3|0.35|1.71|4.3|242|4.1|10.2|0.27|1.32|3.3|1.30|262|4.5|244|4.2
Stefano Pescosolido|1034|5.4|0.36|1.73|4.4|1038|5.4|11.3|0.36|1.74|4.4|1.00|1243|6.7|748|4.0
Tomas Carbonell|824|3.4|0.23|1.06|2.7|1205|5.0|15.3|0.33|1.54|3.9|0.68|1182|4.9|915|3.8
Yahiya Doumbia|44|6.0|0.40|1.91|4.4|32|4.4|9.8|0.29|1.39|3.2|1.38|36|4.9|25|3.4
Adrian Voinea|1585|6.8|0.45|2.16|5.4|934|4.0|9.3|0.26|1.27|3.2|1.70|1541|6.7|1006|4.4
Alex Obrien|1020|5.5|0.36|1.77|4.6|580|3.1|8.5|0.21|1.01|2.6|1.76|1718|9.4|875|4.8
Andrey Golubev|679|5.5|0.36|1.72|4.2|534|4.3|10.5|0.29|1.36|3.3|1.27|567|4.8|386|3.3
Arnaud Di Pasquale|400|3.1|0.20|0.98|2.5|626|4.9|13.2|0.32|1.53|3.9|0.64|652|5.2|516|4.1
Diego Perez|114|2.8|0.19|0.86|2.3|140|3.5|8.8|0.23|1.06|2.8|0.81|158|3.8|161|3.9
Horacio Zeballos|1286|7.3|0.47|2.35|5.8|551|3.1|8.3|0.20|1.01|2.5|2.33|1776|10.6|595|3.6
Jonathan Canter|22|3.1|0.21|1.05|2.8|16|2.2|4.8|0.15|0.76|2.0|1.38|26|3.8|30|4.4
Leander Paes|444|4.8|0.31|1.51|3.7|463|5.0|12.5|0.33|1.57|3.8|0.96|480|5.3|468|5.2
Milan Srejber|28|10.3|0.65|3.11|7.0|20|7.4|18.3|0.47|2.22|5.0|1.40|10|3.9|10|3.9
Mischa Zverev|1650|6.5|0.42|2.02|5.0|728|2.9|8.1|0.19|0.89|2.2|2.27|1752|6.9|918|3.6
Pablo Arraya|126|4.5|0.30|1.42|3.6|98|3.5|9.0|0.23|1.10|2.8|1.29|147|5.3|102|3.7
Philipp Petzschner|1378|8.9|0.57|2.76|7.2|599|3.9|8.7|0.25|1.20|3.1|2.30|1047|6.8|584|3.8
Scott Draper|1535|7.8|0.51|2.53|6.8|656|3.3|7.6|0.22|1.08|2.9|2.34|1422|7.4|841|4.4
Shuzo Matsuoka|1523|9.3|0.61|3.00|7.7|560|3.4|8.8|0.22|1.10|2.8|2.72|877|5.5|690|4.3
Thomas Hogstedt|227|6.1|0.40|1.85|4.3|197|5.3|11.0|0.35|1.60|3.7|1.15|309|8.6|166|4.6
Victor Hanescu|1994|6.1|0.39|1.92|4.8|679|2.1|6.7|0.13|0.65|1.6|2.94|2198|6.8|1154|3.6
Wesley Moodie|1208|13.5|0.86|4.31|10.8|342|3.8|12.3|0.24|1.22|3.1|3.53|678|7.7|347|3.9
Alexander Popp|485|5.4|0.34|1.62|4.4|531|5.9|15.7|0.38|1.78|4.9|0.91|582|6.5|389|4.3
Bart Wuyts|35|0.5|0.04|0.17|0.4|361|5.7|18.9|0.38|1.75|4.2|0.10|399|6.3|164|2.6
Christophe Rochus|589|2.5|0.16|0.76|1.8|939|3.9|10.1|0.26|1.21|2.9|0.63|2628|11.4|1017|4.4
Cristiano Caratti|357|2.6|0.17|0.81|2.1|573|4.1|11.4|0.28|1.30|3.3|0.62|890|6.5|586|4.3
Harel Levy|497|5.4|0.35|1.63|3.9|245|2.6|6.3|0.17|0.80|1.9|2.03|594|6.5|402|4.4
Henrik Holm|1670|10.0|0.68|3.30|8.6|1404|8.4|17.2|0.57|2.77|7.2|1.19|468|2.9|643|4.0
Hyeon Chung|526|4.9|0.31|1.47|3.7|403|3.8|10.1|0.24|1.12|2.9|1.31|1095|9.9|444|4.0
Patrik Kuhnen|937|8.0|0.52|2.53|6.5|601|5.2|11.5|0.34|1.62|4.2|1.56|921|8.0|463|4.0
Thierry Champion|254|2.1|0.14|0.64|1.7|183|1.5|5.4|0.10|0.46|1.2|1.39|674|5.5|398|3.2
Vladimir Voltchkov|696|7.6|0.50|2.37|6.2|493|5.4|12.9|0.35|1.68|4.4|1.41|874|9.6|412|4.5
Alex Antonitsch|523|5.7|0.38|1.82|4.4|390|4.2|9.4|0.29|1.35|3.3|1.34|586|6.6|407|4.6
Alex Calatrava|1051|7.9|0.51|2.43|6.2|362|2.7|6.7|0.18|0.84|2.1|2.90|983|7.7|528|4.2
Antony Dupuis|1539|9.1|0.59|2.91|7.3|575|3.4|8.3|0.22|1.09|2.7|2.68|1486|9.0|785|4.7
Benjamin Becker|2838|10.2|0.64|3.14|7.7|1075|3.8|8.9|0.24|1.19|2.9|2.64|3054|11.0|1070|3.8
Carsten Arriens|201|4.3|0.29|1.38|3.2|141|3.0|7.1|0.20|0.97|2.3|1.43|196|4.4|183|4.1
Christian Miniussi|153|3.2|0.21|1.05|2.6|185|3.9|9.5|0.26|1.27|3.2|0.83|281|6.0|184|3.9
Chuck Adams|709|5.6|0.36|1.77|4.3|384|3.0|8.5|0.20|0.96|2.4|1.85|979|7.7|510|4.0
Claudio Mezzadri|212|3.7|0.24|1.15|2.8|236|4.1|9.3|0.27|1.28|3.1|0.90|257|4.4|231|4.0
Claudio Pistolesi|120|2.8|0.18|0.83|2.2|102|2.3|7.1|0.15|0.70|1.9|1.18|158|3.7|133|3.1
Daniele Bracciali|621|9.1|0.59|2.88|7.5|247|3.6|7.7|0.24|1.14|3.0|2.51|684|10.2|215|3.2
Dimitri Poliakov|146|2.6|0.18|0.82|2.1|196|3.6|8.8|0.24|1.10|2.8|0.74|280|5.1|228|4.1
Eric Jelen|49|1.8|0.12|0.58|1.4|99|3.6|11.5|0.25|1.18|2.8|0.49|106|4.2|80|3.2
Frederic Fontang|82|1.3|0.09|0.40|1.0|161|2.5|7.0|0.17|0.79|1.9|0.51|263|4.1|256|4.0
Gabriel Markus|198|2.1|0.14|0.68|1.7|293|3.1|8.7|0.21|1.00|2.6|0.68|434|4.7|334|3.6
Gianluca Pozzi|1518|5.1|0.33|1.57|4.0|1050|3.5|6.8|0.23|1.08|2.8|1.45|1552|5.2|1272|4.2
Guillaume Raoux|1821|6.1|0.40|1.96|4.9|1134|3.8|8.2|0.25|1.22|3.0|1.61|2379|8.2|1355|4.7
Hernan Gumy|633|3.6|0.24|1.11|2.8|810|4.7|12.3|0.30|1.43|3.6|0.78|841|4.8|653|3.7
Hyung Taik Lee|902|4.2|0.27|1.30|3.4|564|2.6|7.1|0.17|0.81|2.1|1.60|1907|8.9|855|4.0
Igor Kunitsyn|658|3.6|0.24|1.12|2.8|439|2.4|6.1|0.16|0.75|1.8|1.50|1568|8.8|700|3.9
Ivan Dodig|2051|10.5|0.67|3.26|8.2|806|4.1|10.0|0.26|1.28|3.2|2.54|1325|6.8|648|3.3
Jan Vacek|407|5.7|0.38|1.77|4.6|292|4.1|9.7|0.27|1.27|3.3|1.39|481|6.9|335|4.8
Jared Palmer|546|4.5|0.31|1.51|4.0|550|4.6|11.7|0.31|1.52|4.1|0.99|750|6.5|518|4.5
Jeremy Bates|427|4.4|0.29|1.40|3.4|488|5.0|11.3|0.33|1.59|3.9|0.88|772|8.0|459|4.8
Jerome Haehnel|105|5.1|0.33|1.57|4.0|79|3.8|9.0|0.25|1.18|3.0|1.33|176|8.8|74|3.7
Jim Pugh|50|4.6|0.29|1.39|4.2|55|5.1|13.3|0.32|1.53|4.6|0.91|55|4.9|63|5.6
Jordi Burillo|1265|7.8|0.51|2.40|5.9|808|5.0|10.5|0.33|1.53|3.7|1.57|1090|6.7|606|3.7
Jose Francisco Altur|188|3.8|0.25|1.17|2.8|199|4.0|11.6|0.26|1.24|3.0|0.94|141|2.9|193|3.9
Juan Antonio Marin|373|2.6|0.18|0.83|1.9|489|3.5|8.0|0.23|1.09|2.5|0.76|687|5.0|607|4.4
Juan Balcells|458|6.6|0.42|2.09|5.3|189|2.7|9.5|0.17|0.86|2.2|2.42|502|7.3|254|3.7
Julien Boutter|1417|11.8|0.77|3.80|9.7|986|8.2|18.4|0.54|2.64|6.8|1.44|645|5.6|432|3.7
Lars Burgsmuller|928|4.9|0.33|1.54|3.9|888|4.7|11.4|0.31|1.48|3.7|1.05|1237|6.7|820|4.4
Leonardo Lavalle|219|5.4|0.35|1.71|4.2|184|4.5|12.2|0.29|1.44|3.5|1.19|178|4.2|208|4.9
Mark Koevermans|243|4.6|0.29|1.35|3.3|142|2.7|6.1|0.17|0.79|1.9|1.71|238|4.4|144|2.7
Markus Zoecke|995|9.4|0.61|2.97|7.4|377|3.6|9.9|0.23|1.13|2.8|2.64|902|8.8|375|3.7
Mauricio Hadad|126|1.8|0.12|0.56|1.4|216|3.0|8.2|0.20|0.96|2.4|0.58|285|4.0|317|4.4
Michal Tabara|285|4.1|0.27|1.23|3.1|409|5.9|12.3|0.38|1.77|4.5|0.70|567|8.0|384|5.4
Neville Godwin|438|6.1|0.41|1.97|5.3|437|6.1|13.3|0.41|1.97|5.3|1.00|512|7.3|356|5.0
Nicklas Kroon|64|3.1|0.21|1.02|2.7|88|4.2|9.6|0.29|1.40|3.7|0.73|139|7.1|51|2.6
Paolo Lorenzi|1164|5.1|0.33|1.57|4.0|789|3.4|8.3|0.22|1.06|2.7|1.48|1674|7.4|772|3.4
Peter Wessels|902|11.3|0.71|3.58|9.0|327|4.1|10.9|0.26|1.30|3.3|2.76|725|9.0|356|4.4
