name|Total Games Played|Total Games Won|Games Won %|Games per Set|Games per Match|Tie-Breaks Played|Tie-Breaks Won|Tie-Breaks Won %|Tie-Breaks per Set %|Tie-Breaks per Match
Carlos Alcaraz Garfia|2962|1642|55.4|9.68|26.2|59|34|57.6|19.3|0.52
Rafael Nadal|30761|18394|59.8|9.33|24.0|429|262|61.1|13.0|0.33
Casper Ruud|5925|3196|53.9|9.60|24.1|94|48|51.1|15.2|0.38
Stefanos Tsitsipas|9172|4946|53.9|9.88|25.7|187|109|58.3|20.2|0.52
Novak Djokovic|30744|18243|59.3|9.42|24.9|450|294|65.3|13.8|0.36
Felix Auger Aliassime|6248|3251|52.0|9.82|24.6|137|84|61.3|21.5|0.54
Daniil Medvedev|9227|5095|55.2|9.52|24.4|139|81|58.3|14.3|0.37
Andrey Rublev|8812|4696|53.3|9.68|24.7|151|74|49.0|16.6|0.42
Taylor Harry Fritz|8061|4125|51.2|9.83|26.0|178|97|54.5|21.7|0.57
Hubert Hurkacz|5694|2960|52.0|9.95|26.0|132|64|48.5|23.1|0.60
Holger Vitus Nodskov Rune|2043|1063|52.0|9.82|24.0|37|20|54.1|17.8|0.44
Alexander Zverev|12361|6658|53.9|9.69|25.8|210|128|61.0|16.5|0.44
Pablo Carreno Busta|11764|6076|51.6|9.63|24.8|214|114|53.3|17.5|0.45
Cameron Norrie|6352|3319|52.3|9.60|24.5|93|43|46.2|14.0|0.36
Jannik Sinner|4382|2363|53.9|9.69|24.9|77|44|57.1|17.0|0.44
Matteo Berrettini|5752|3038|52.8|9.90|26.9|124|71|57.3|21.3|0.58
Marin Cilic|23580|12615|53.5|9.73|26.1|437|232|53.1|18.0|0.48
Denis Shapovalov|7782|4019|51.6|9.95|26.4|152|75|49.3|19.4|0.52
Frances Tiafoe|7302|3618|49.5|9.93|27.1|166|90|54.2|22.6|0.62
Karen Khachanov|9686|4987|51.5|9.83|26.5|210|103|49.0|21.3|0.57
Roberto Bautista Agut|14707|7896|53.7|9.61|24.8|241|123|51.0|15.7|0.41
Nick Kyrgios|8499|4483|52.7|10.08|27.2|225|133|59.1|26.7|0.72
Lorenzo Musetti|2528|1265|50.0|9.65|24.3|44|27|61.4|16.8|0.42
Alex De Minaur|6165|3172|51.5|9.62|25.1|115|63|54.8|17.9|0.47
Diego Sebastian Schwartzman|10353|5389|52.1|9.41|24.5|137|64|46.7|12.5|0.32
Borna Coric|8520|4314|50.6|9.75|25.4|156|84|53.8|17.8|0.47
Daniel Evans|6828|3417|50.0|9.66|26.5|123|63|51.2|17.4|0.48
Grigor Dimitrov|15804|8314|52.6|9.80|25.4|303|155|51.2|18.8|0.49
Miomir Kecmanovic|4218|2120|50.3|9.67|24.2|80|38|47.5|18.3|0.46
Francisco Cerundolo|1394|696|49.9|9.61|24.0|20|9|45.0|13.8|0.34
Alejandro Davidovich Fokina|3399|1684|49.5|9.66|26.1|59|27|45.8|16.8|0.45
Tommy Paul|4109|2083|50.7|9.74|25.1|72|32|44.4|17.1|0.44
Sebastian Korda|2629|1387|52.8|9.67|24.8|40|19|47.5|14.7|0.38
Maxime Cressy|1851|941|50.8|10.28|27.6|60|25|41.7|33.3|0.90
Botic Van De Zandschulp|2257|1147|50.8|9.69|25.6|39|25|64.1|16.7|0.44
Yoshihito Nishioka|4928|2342|47.5|9.39|24.2|67|38|56.7|12.8|0.33
Alexander Bublik|4844|2389|49.3|9.85|24.8|89|45|50.6|18.1|0.46
Reilly Opelka|4625|2326|50.3|10.46|26.9|163|82|50.3|36.9|0.95
Albert Ramos|13740|6794|49.4|9.68|24.5|242|99|40.9|17.1|0.43
Emil Ruusuvuori|3028|1529|50.5|9.43|23.7|40|23|57.5|12.5|0.31
John Isner|22298|11412|51.2|10.61|28.7|801|490|61.2|38.1|1.03
Jack Draper|775|405|52.3|9.81|22.8|15|9|60.0|19.0|0.44
Sebastian Baez|1285|639|49.7|9.45|23.8|17|5|29.4|12.5|0.31
Arthur Rinderknech|1952|973|49.8|9.81|25.7|38|17|44.7|19.1|0.50
Lorenzo Sonego|4771|2397|50.2|9.88|25.5|105|57|54.3|21.7|0.56
Adrian Mannarino|12871|6277|48.8|9.56|24.2|225|102|45.3|16.7|0.42
Brandon Nakashima|2115|1092|51.6|9.93|25.5|52|34|65.4|24.4|0.63
Jenson Brooksby|1651|848|51.4|9.22|23.3|19|11|57.9|10.6|0.27
Andy Murray|24002|13561|56.5|9.46|25.3|361|219|60.7|14.2|0.38
Alex Molcan|1394|702|50.4|9.55|24.9|24|14|58.3|16.4|0.43
Corentin Moutet|2650|1243|46.9|9.81|26.8|45|25|55.6|16.7|0.45
Gael Monfils|20878|11067|53.0|9.69|25.2|364|210|57.7|16.9|0.44
David Goffin|13396|7025|52.4|9.56|25.0|209|102|48.8|14.9|0.39
Filip Krajinovic|5770|2888|50.1|9.63|24.1|93|40|43.0|15.5|0.39
Fabio Fognini|18953|9381|49.5|9.50|24.8|277|153|55.2|13.9|0.36
Marc Andrea Huesler|909|450|49.5|9.99|26.0|22|11|50.0|24.2|0.63
Jaume Munar|3679|1779|48.4|9.73|24.9|73|36|49.3|19.3|0.49
Aslan Karatsev|2859|1438|50.3|9.56|25.3|41|17|41.5|13.7|0.36
Benjamin Bonzi|1481|745|50.3|9.87|25.5|27|10|37.0|18.0|0.47
Marcos Giron|3019|1434|47.5|9.90|25.8|64|31|48.4|21.0|0.55
Pedro Martinez Portero|2500|1224|49.0|9.62|24.5|38|17|44.7|14.6|0.37
Mackenzie Mcdonald|3953|1934|48.9|9.62|26.2|60|32|53.3|14.6|0.40
Quentin Halys|1345|638|47.4|10.35|30.6|31|10|32.3|23.8|0.70
Jeffrey John Wolf|877|425|48.5|9.64|24.4|13|7|53.8|14.3|0.36
Daniel Elahi Galan Riveros|1745|868|49.7|9.43|24.9|21|13|61.9|11.4|0.30
Richard Gasquet|23163|12319|53.2|9.60|24.4|399|217|54.4|16.5|0.42
Mikael Ymer|2968|1482|49.9|9.48|24.9|34|10|29.4|10.9|0.29
Laslo Djere|5070|2486|49.0|9.94|25.2|111|45|40.5|21.8|0.55
Thiago Monteiro|4251|2071|48.7|9.86|25.6|84|40|47.6|19.5|0.51
Bernabe Zapata Miralles|1109|517|46.6|9.56|24.6|13|4|30.8|11.2|0.29
Ilya Ivashka|3841|1960|51.0|9.77|25.8|69|37|53.6|17.6|0.46
Roberto Carballes Baena|4087|1970|48.2|9.46|24.0|65|33|50.8|15.0|0.38
Federico Coria|1972|921|46.7|9.39|24.0|21|12|57.1|10.0|0.26
Oscar Otte|1564|780|49.9|9.71|26.1|33|15|45.5|20.5|0.55
Kamil Majchrzak|1631|786|48.2|9.48|25.1|28|12|42.9|16.3|0.43
Christopher Oconnell|1103|524|47.5|10.21|30.6|31|17|54.8|28.7|0.86
Tomas Martin Etcheverry|497|211|42.5|9.56|24.9|7|3|42.9|13.5|0.35
Dusan Lajovic|9474|4613|48.7|9.76|25.0|152|63|41.4|15.7|0.40
Jiri Lehecka|684|313|45.8|9.77|26.3|9|4|44.4|12.9|0.35
Joao Sousa|11638|5652|48.6|9.56|25.0|179|83|46.4|14.7|0.38
Soon Woo Kwon|2726|1340|49.2|9.67|26.5|50|25|50.0|17.7|0.49
Jordan Thompson|5165|2497|48.3|9.69|26.2|89|39|43.8|16.7|0.45
Christian Garin|4997|2494|49.9|9.65|26.3|83|40|48.2|16.0|0.44
Ugo Humbert|3900|1944|49.8|9.92|26.9|88|44|50.0|22.4|0.61
Marton Fucsovics|6489|3314|51.1|9.64|26.5|118|50|42.4|17.5|0.48
Roman Safiullin|644|332|51.6|10.06|26.8|18|6|33.3|28.1|0.75
Facundo Bagnis|2687|1244|46.3|9.67|24.2|46|16|34.8|16.5|0.41
Gregoire Barrere|1247|558|44.7|9.67|28.3|26|13|50.0|20.2|0.59
Nikoloz Basilashvili|7618|3616|47.5|9.58|24.6|121|72|59.5|15.2|0.39
Taro Daniel|4367|2025|46.4|9.53|25.1|74|40|54.1|16.2|0.43
Thanasi Kokkinakis|2864|1371|47.9|10.01|27.3|71|37|52.1|24.8|0.68
Daniel Altmaier|1303|600|46.0|9.65|24.6|25|9|36.0|18.5|0.47
Tallon Griekspoor|1547|719|46.5|9.98|26.7|37|17|45.9|23.9|0.64
Vasek Pospisil|7905|3873|49.0|10.02|26.0|171|79|46.2|21.7|0.56
Zhizhen Zhang|600|288|48.0|10.17|27.3|18|10|55.6|30.5|0.82
Alejandro Tabilo|993|494|49.7|9.46|23.6|13|5|38.5|12.4|0.31
Marco Cecchinato|4427|2076|46.9|9.58|24.7|77|40|51.9|16.7|0.43
Dominic Thiem|12805|6767|52.8|9.81|25.4|242|134|55.4|18.5|0.48
Radu Albot|5785|2781|48.1|9.50|25.9|98|49|50.0|16.1|0.44
Emilio Gomez|1024|505|49.3|9.39|26.9|18|10|55.6|16.5|0.47
Juan Pablo Varillas Patino Samudio|768|375|48.8|10.11|24.8|18|10|55.6|23.7|0.58
Denis Kudla|5006|2342|46.8|9.68|26.2|86|34|39.5|16.6|0.45
Jason Kubler|833|412|49.5|9.80|28.7|15|7|46.7|17.6|0.52
Hugo Gaston|1283|605|47.2|9.50|25.7|20|10|50.0|14.8|0.40
Jiri Vesely|7821|3883|49.6|9.90|25.7|178|83|46.6|22.5|0.59
Steve Johnson|10097|5046|50.0|9.96|25.7|243|115|47.3|24.0|0.62
Michael Mmoh|999|449|44.9|9.51|27.0|14|5|35.7|13.3|0.38
Norbert Gombos|2109|975|46.2|9.67|26.7|41|17|41.5|18.8|0.52
Alexei Popyrin|2872|1370|47.7|10.15|26.3|82|46|56.1|29.0|0.75
Pablo Andujar|9471|4504|47.6|9.40|23.6|122|53|43.4|12.1|0.30
Jurij Rodionov|568|261|46.0|10.14|23.7|10|6|60.0|17.9|0.42
Christopher Eubanks|854|397|46.5|10.05|26.7|23|8|34.8|27.1|0.72
Fernando Verdasco|25373|13207|52.1|9.67|25.3|448|219|48.9|17.1|0.45
Federico Delbonis|8916|4378|49.1|9.75|24.6|169|74|43.8|18.5|0.47
Elias Ymer|2244|1036|46.2|9.80|25.5|35|14|40.0|15.3|0.40
Yannick Hanfmann|1549|755|48.7|9.62|23.5|29|10|34.5|18.0|0.44
Jack Sock|8435|4268|50.6|9.84|26.0|170|90|52.9|19.8|0.52
Hugo Dellien|1865|864|46.3|9.37|25.5|17|10|58.8|8.5|0.23
Jozef Kovalik|1673|776|46.4|9.67|25.0|33|9|27.3|19.1|0.49
Gilles Simon|22251|11426|51.4|9.59|24.8|357|174|48.7|15.4|0.40
John Millman|6786|3349|49.4|9.71|25.5|132|60|45.5|18.9|0.50
Stan Wawrinka|23280|12302|52.8|9.84|26.9|454|242|53.3|19.2|0.53
Jan Lennard Struff|9416|4675|49.6|9.82|25.4|199|85|42.7|20.8|0.54
Nicolas Jarry|3224|1569|48.7|10.04|26.6|87|43|49.4|27.1|0.72
James Duckworth|3932|1863|47.4|9.85|27.7|86|39|45.3|21.6|0.61
Maximilian Marterer|2044|949|46.4|9.78|25.2|36|9|25.0|17.2|0.44
Liam Broady|987|460|46.6|9.31|26.7|10|4|40.0|9.4|0.27
Carlos Taberner|869|409|47.1|9.34|24.1|10|5|50.0|10.8|0.28
Ricardas Berankis|7146|3492|48.9|9.66|25.8|124|63|50.8|16.8|0.45
Henri Laaksonen|3176|1508|47.5|9.57|26.2|60|29|48.3|18.1|0.50
Benoit Paire|13392|6497|48.5|9.71|25.2|241|122|50.6|17.5|0.45
Dennis Novak|1892|876|46.3|9.65|25.6|39|16|41.0|19.9|0.53
Renzo Olivo|1382|627|45.4|9.66|24.7|27|19|70.4|18.9|0.48
Damir Dzumhur|6386|3114|48.8|9.42|24.9|88|42|47.7|13.0|0.34
Mikhail Kukushkin|10163|4906|48.3|9.61|25.3|174|81|46.6|16.5|0.43
Sebastian Ofner|609|290|47.6|9.82|24.4|11|5|45.5|17.7|0.44
Nicolas Kicker|1144|547|47.8|9.45|23.8|12|3|25.0|9.9|0.25
Dimitar Kuzmanov|678|348|51.3|9.42|25.1|8|2|25.0|11.1|0.30
Stefan Kozlov|743|306|41.2|9.06|21.2|7|3|42.9|8.5|0.20
Dominik Koepfer|2256|1073|47.6|9.72|26.5|37|22|59.5|15.9|0.44
Cedrik Marcel Stebe|1968|914|46.4|9.33|24.0|22|11|50.0|10.4|0.27
Gianluca Mager|1533|733|47.8|9.83|26.0|34|16|47.1|21.8|0.58
Mitchell Krueger|541|238|44.0|9.49|22.5|7|2|28.6|12.3|0.29
Lukas Rosol|7290|3495|47.9|9.77|25.8|148|77|52.0|19.8|0.52
Max Purcell|501|222|44.3|9.45|25.1|6|2|33.3|11.3|0.30
Marco Trungelliti|912|424|46.5|9.70|28.5|10|4|40.0|10.6|0.31
Ernesto Escobedo|1400|658|47.0|9.66|25.5|26|13|50.0|17.9|0.47
Gastao Elias|2103|975|46.4|9.47|25.0|31|12|38.7|14.0|0.37
Peter Gojowczyk|4310|2046|47.5|9.64|24.8|73|34|46.6|16.3|0.42
Lloyd George Muirhead Harris|3301|1643|49.8|9.62|24.6|62|24|38.7|18.1|0.46
Robin Haase|12991|6423|49.4|9.75|26.0|229|91|39.7|17.2|0.46
Alessandro Giannessi|961|449|46.7|10.01|27.5|23|11|47.8|24.0|0.66
Tennys Sandgren|3194|1522|47.7|9.86|26.2|72|30|41.7|22.2|0.59
Pablo Cuevas|11554|5830|50.5|9.71|24.9|213|113|53.1|17.9|0.46
Juan Ignacio Londero|2189|1048|47.9|9.69|25.8|34|15|44.1|15.0|0.40
Egor Gerasimov|3030|1514|50.0|9.77|26.1|61|31|50.8|19.7|0.53
Salvatore Caruso|1558|706|45.3|9.56|24.7|26|7|26.9|16.0|0.41
Pierre Hugues Herbert|5771|2815|48.8|10.04|26.2|128|59|46.1|22.3|0.58
Ernests Gulbis|12210|6206|50.8|9.72|25.3|216|101|46.8|17.2|0.45
Stefano Travaglia|2153|1031|47.9|9.97|25.9|50|17|34.0|23.1|0.60
Bjorn Fratangelo|1540|715|46.4|9.57|25.2|25|11|44.0|15.5|0.41
Thomas Fabbiano|2373|1085|45.7|9.57|26.4|43|17|39.5|17.3|0.48
Yasutaka Uchiyama|954|440|46.1|9.54|25.1|14|5|35.7|14.0|0.37
Sam Querrey|18643|9543|51.2|10.02|26.1|411|200|48.7|22.1|0.58
Aljaz Bedene|7543|3672|48.7|9.85|25.4|138|68|49.3|18.0|0.46
Prajnesh Gunneswaran|822|345|42.0|9.56|23.5|16|8|50.0|18.6|0.46
Kenny De Schepper|2174|994|45.7|9.97|25.0|49|20|40.8|22.5|0.56
Andreas Seppi|20717|10235|49.4|9.74|25.6|343|157|45.8|16.1|0.42
Gerald Melzer|1314|613|46.7|9.59|24.3|24|9|37.5|17.5|0.44
Marius Copil|3919|1902|48.5|10.02|25.8|87|45|51.7|22.3|0.57
Cem Ilkel|831|356|42.8|9.66|27.7|20|6|30.0|23.3|0.67
Lucas Pouille|7124|3537|49.6|9.85|26.7|144|78|54.2|19.9|0.54
Jason Jung|742|344|46.4|9.89|23.9|12|2|16.7|16.0|0.39
Guido Andreozzi|891|398|44.7|9.48|24.8|17|7|41.2|18.1|0.47
Evgeny Donskoy|4350|1991|45.8|9.71|25.3|76|33|43.4|17.0|0.44
Mirza Basic|1867|894|47.9|9.88|26.7|33|20|60.6|17.5|0.47
Roger Federer|39053|22678|58.1|9.67|25.7|709|463|65.3|17.5|0.47
Jimmy Connors|36702|21906|59.7|9.33|23.5|388|227|58.5|9.9|0.25
Ivan Lendl|31828|18940|59.5|9.31|24.3|397|240|60.5|11.6|0.30
Pete Sampras|26020|14608|56.1|9.79|26.4|522|328|62.8|19.6|0.53
John McEnroe|25987|15467|59.5|9.38|24.1|308|189|61.4|11.1|0.29
Bjorn Borg|19132|11494|60.1|9.18|24.3|179|98|54.7|8.6|0.23
Andre Agassi|28133|16231|57.7|9.34|24.6|366|206|56.3|12.2|0.32
Rod Laver|18676|10840|58.0|9.76|26.1|124|70|56.5|6.5|0.17
Boris Becker|24307|13695|56.3|9.73|26.2|404|241|59.7|16.2|0.44
Stefan Edberg|27234|15418|56.6|9.57|25.3|416|249|59.9|14.6|0.39
Mats Wilander|19964|11193|56.1|9.42|25.2|221|125|56.6|10.4|0.28
Guillermo Vilas|28895|16750|58.0|9.18|23.4|278|158|56.8|8.8|0.23
Ilie Nastase|31146|17611|56.5|9.48|25.4|257|153|59.5|7.8|0.21
Ken Rosewall|18131|10353|57.1|9.51|24.7|133|79|59.4|7.0|0.18
Arthur Ashe|26725|14938|55.9|9.79|25.7|268|172|64.2|9.8|0.26
John Newcombe|24451|13357|54.6|11.81|31.0|213|131|61.5|10.3|0.27
Lleyton Hewitt|22867|12620|55.2|9.50|26.0|329|172|52.3|13.7|0.37
Andy Roddick|21020|11654|55.4|9.94|25.5|488|303|62.1|23.1|0.59
Jim Courier|18970|10438|55.0|9.61|25.5|315|185|58.7|15.9|0.42
Michael Chang|23848|13185|55.3|9.42|24.5|310|153|49.4|12.2|0.32
Stan Smith|27882|15391|55.2|9.90|25.7|321|179|55.8|11.4|0.30
Yevgeny Kafelnikov|22918|12258|53.5|9.61|25.0|388|218|56.2|16.3|0.42
Gustavo Kuerten|14272|7630|53.5|9.77|25.8|271|135|49.8|18.5|0.49
Goran Ivanisevic|24129|12731|52.8|9.87|25.9|483|276|57.1|19.8|0.52
David Ferrer|26721|14636|54.8|9.39|24.1|329|170|51.7|11.6|0.30
Thomas Muster|21749|11995|55.2|9.44|24.2|279|166|59.5|12.1|0.31
Tom Okker|23338|12873|55.2|9.76|25.5|217|122|56.2|9.1|0.24
Vitas Gerulaitis|19269|10695|55.5|9.56|25.1|254|135|53.1|12.6|0.33
Juan Martin Del Potro|15200|8388|55.2|9.73|24.8|269|157|58.4|17.2|0.44
Manuel Orantes|23421|13435|57.4|9.25|23.5|172|89|51.7|6.8|0.17
Michael Stich|14723|7969|54.1|9.78|26.2|283|167|59.0|18.8|0.50
Marat Safin|18517|9674|52.2|9.90|26.9|387|206|53.2|20.7|0.56
Juan Carlos Ferrero|18753|9998|53.3|9.63|25.3|309|172|55.7|15.9|0.42
Tony Roche|17372|9396|54.1|12.22|32.0|112|63|56.3|7.9|0.21
Carlos Moya|22509|11863|52.7|9.71|25.2|394|227|57.6|17.0|0.44
Patrick Rafter|14190|7622|53.7|9.71|25.8|267|144|53.9|18.3|0.49
Yannick Noah|18530|10115|54.6|9.79|26.7|267|143|53.6|14.1|0.39
Tomas Berdych|24434|13265|54.3|9.59|24.9|416|225|54.1|16.3|0.42
Roscoe Tanner|22589|12298|54.4|9.94|25.3|381|209|54.9|16.8|0.43
Brian Gottfried|24276|13402|55.2|9.45|23.6|256|135|52.7|10.0|0.25
Marcelo Rios|14073|7639|54.3|9.57|24.1|225|132|58.7|15.3|0.39
Nikolay Davydenko|19225|10279|53.5|9.48|23.7|266|137|51.5|13.1|0.33
Richard Krajicek|16201|8772|54.1|9.90|25.7|336|172|51.2|20.5|0.53
Harold Solomon|20984|11254|53.6|9.18|22.8|197|109|55.3|8.6|0.21
Sergi Bruguera|16899|9078|53.7|9.31|23.5|223|130|58.3|12.3|0.31
Jo Wilfried Tsonga|18491|9911|53.6|9.91|26.2|400|231|57.8|21.4|0.57
Kei Nishikori|16052|8581|53.5|9.54|25.0|232|137|59.1|13.8|0.36
Eddie Dibbs|19249|10700|55.6|9.25|22.4|204|117|57.4|9.8|0.24
Jan Kodes|20070|10812|53.9|9.47|26.0|123|66|53.7|5.8|0.16
David Nalbandian|14726|7934|53.9|9.54|25.6|216|130|60.2|14.0|0.38
Raul Ramirez|19254|10477|54.4|9.56|23.7|254|151|59.4|12.6|0.31
Alex Corretja|17557|9279|52.9|9.54|24.4|259|132|51.0|14.1|0.36
Johan Kriek|15050|7925|52.7|9.57|25.2|221|126|57.0|14.1|0.37
Tommy Haas|22754|12067|53.0|9.71|25.1|382|214|56.0|16.3|0.42
Thomas Enqvist|18468|9806|53.1|9.63|24.8|311|152|48.9|16.2|0.42
Andres Gomez|20340|10936|53.8|9.70|25.3|288|183|63.5|13.7|0.36
Petr Korda|16610|8755|52.7|9.58|25.2|257|139|54.1|14.8|0.39
Miloslav Mecir|9527|5290|55.5|9.34|24.9|92|51|55.4|9.0|0.24
Milos Raonic|14410|7771|53.9|10.16|26.4|377|231|61.3|26.6|0.69
Tim Henman|19875|10697|53.8|9.66|25.8|329|176|53.5|16.0|0.43
Cliff Richey|16924|9366|55.3|9.60|24.6|157|88|56.1|8.9|0.23
Guillermo Coria|7912|4356|55.1|9.34|23.8|98|55|56.1|11.6|0.30
Jose Luis Clerc|12348|6928|56.1|9.25|23.2|111|64|57.7|8.3|0.21
Brad Gilbert|19518|10446|53.5|9.44|24.2|254|146|57.5|12.3|0.31
Gene Mayer|10157|5698|56.1|9.10|21.3|100|53|53.0|9.0|0.21
Todd Martin|17204|9118|53.0|9.84|26.7|344|195|56.7|19.7|0.53
Andres Gimeno|10157|5585|55.0|10.03|27.1|53|21|39.6|5.2|0.14
Marty Riessen|20445|10823|52.9|10.12|25.6|212|116|54.7|10.5|0.27
Tim Mayotte|14324|7658|53.5|9.82|26.4|229|122|53.3|15.7|0.42
Albert Costa|15970|8362|52.4|9.61|24.3|230|117|50.9|13.8|0.35
Andrei Medvedev|13555|7092|52.3|9.45|25.4|200|111|55.5|13.9|0.37
Wayne Ferreira|21825|11342|52.0|9.70|25.9|358|179|50.0|15.9|0.43
Greg Rusedski|19012|9897|52.1|10.03|26.3|464|257|55.4|24.5|0.64
Robin Soderling|11853|6459|54.5|9.63|24.7|215|106|49.3|17.5|0.45
Fernando Gonzalez|15032|7924|52.7|9.81|26.3|259|154|59.5|16.9|0.45
Jose Higueras|15690|8541|54.4|9.15|22.5|120|67|55.8|7.0|0.17
Ivan Ljubicic|18821|9803|52.1|9.99|26.0|436|227|52.1|23.1|0.60
Adriano Panatta|16875|8922|52.9|9.64|25.7|180|102|56.7|10.3|0.27
Pat Cash|10532|5612|53.3|9.85|27.3|178|95|53.4|16.7|0.46
Guy Forget|17386|9007|51.8|9.82|25.9|307|151|49.2|17.3|0.46
Mark Philippoussis|13860|7190|51.9|9.93|26.8|311|163|52.4|22.3|0.60
Henri Leconte|16674|8809|52.8|9.67|25.8|220|115|52.3|12.8|0.34
John Alexander|25998|13557|52.1|10.01|26.1|392|192|49.0|15.1|0.39
Cedric Pioline|18265|9373|51.3|9.74|25.8|299|160|53.5|15.9|0.42
Sebastien Grosjean|15127|7967|52.7|9.58|25.7|243|139|57.2|15.4|0.41
Wojtek Fibak|20547|11076|53.9|9.45|24.1|229|116|50.7|10.5|0.27
Eliot Teltscher|14108|7693|54.5|9.34|22.9|160|78|48.8|10.6|0.26
Anders Jarryd|15253|8144|53.4|9.32|23.3|176|90|51.1|10.8|0.27
Magnus Norman|10250|5281|51.5|9.64|24.3|166|91|54.8|15.6|0.39
Joakim Nystrom|9964|5423|54.4|9.22|24.5|102|59|57.8|9.4|0.25
Emilio Sanchez|17707|9383|53.0|9.57|24.5|261|130|49.8|14.1|0.36
Tommy Robredo|21880|11327|51.8|9.54|24.6|336|186|55.4|14.6|0.38
Marc Rosset|19444|9883|50.8|9.78|24.8|360|204|56.7|18.1|0.46
Cliff Drysdale|19081|10029|52.6|11.91|29.6|143|72|50.3|8.9|0.22
Jonas Bjorkman|19207|9801|51.0|9.45|24.8|264|130|49.2|13.0|0.34
James Blake|15598|8170|52.4|9.66|25.2|270|140|51.9|16.7|0.44
Gaston Gaudio|11297|5844|51.7|9.36|24.2|151|80|53.0|12.5|0.32
Andrei Chesnokov|15068|7796|51.7|9.51|24.9|188|107|56.9|11.9|0.31
Dick Stockton|16158|8525|52.8|9.86|24.9|263|141|53.6|16.0|0.41
Tom Gorman|17541|9008|51.4|9.97|25.5|221|112|50.7|12.6|0.32
Alex Metreveli|10641|5900|55.4|9.71|28.2|80|39|48.8|7.3|0.21
Mikhail Youzhny|22740|11694|51.4|9.56|24.9|364|187|51.4|15.3|0.40
Aaron Krickstein|16164|8524|52.7|9.51|24.8|231|122|52.8|13.6|0.35
Kevin Anderson|16043|8292|51.7|10.11|26.5|397|215|54.2|25.0|0.66
Richard Pancho Gonzales|6864|3625|52.8|10.56|28.6|39|26|66.7|6.0|0.16
Alberto Berasategui|10976|5704|52.0|9.43|23.0|150|77|51.3|12.9|0.31
Magnus Gustafsson|16328|8625|52.8|9.46|24.2|211|109|51.7|12.2|0.31
Nicolas Kiefer|15334|7948|51.8|9.55|24.1|212|120|56.6|13.2|0.33
Thomas Johansson|16504|8445|51.2|9.74|25.3|332|168|50.6|19.6|0.51
Mark Cox|17211|9004|52.3|9.87|25.6|194|101|52.1|11.1|0.29
Kevin Curren|14733|7720|52.4|9.91|25.7|286|145|50.7|19.2|0.50
Mark Edmondson|12546|6301|50.2|9.61|24.9|160|90|56.3|12.3|0.32
Felix Mantilla|12580|6535|51.9|9.49|23.7|200|107|53.5|15.1|0.38
Vijay Amritraj|18007|9259|51.4|9.72|24.8|242|125|51.7|13.1|0.33
Victor Pecci|15155|7948|52.4|9.72|24.5|180|98|54.4|11.5|0.29
Tomas Smid|19929|10589|53.1|9.40|23.3|227|118|52.0|10.7|0.26
Magnus Larsson|13677|7064|51.6|9.71|25.8|252|142|56.3|17.9|0.47
Brian Teacher|14377|7487|52.1|9.92|25.2|240|126|52.5|16.6|0.42
Guillermo Canas|10944|5707|52.1|9.57|24.5|166|84|50.6|14.5|0.37
Nicolas Almagro|16811|8807|52.4|9.85|24.9|341|163|47.8|20.0|0.51
Zeljko Franulovic|18077|9468|52.4|9.58|25.1|139|62|44.6|7.4|0.19
Clark Graebner|11827|6410|54.2|9.93|25.5|86|49|57.0|7.2|0.19
Feliciano Lopez|25931|12804|49.4|10.05|26.2|603|325|53.9|23.4|0.61
Mardy Fish|13114|6817|52.0|9.73|25.2|238|113|47.5|17.7|0.46
Sandy Mayer|13724|7431|54.1|9.60|24.1|178|103|57.9|12.5|0.31
Robert Lutz|17981|9560|53.2|9.65|24.1|192|87|45.3|10.3|0.26
Ivo Karlovic|19979|10047|50.3|10.75|27.9|801|398|49.7|43.1|1.12
Roger Taylor|20302|10338|50.9|11.84|30.6|166|93|56.0|9.7|0.25
Roy Emerson|11168|5948|53.3|9.96|25.7|82|45|54.9|7.3|0.19
Karel Novacek|13561|6946|51.2|9.56|24.9|211|107|50.7|14.9|0.39
Martin Jaite|11566|6131|53.0|9.45|24.1|129|74|57.4|10.5|0.27
Jiri Novak|14597|7616|52.2|9.45|24.5|222|103|46.4|14.4|0.37
Dennis Ralston|10493|5344|50.9|15.03|37.5|53|32|60.4|7.6|0.19
Earl Butch Buchholz|8109|4080|50.3|19.31|46.9|13|7|53.8|3.1|0.08
Radek Stepanek|17280|8928|51.7|9.65|25.2|312|162|51.9|17.4|0.45
Rainer Schuettler|15861|7968|50.2|9.51|23.9|248|119|48.0|14.9|0.37
Jaime Fillol|22062|11520|52.2|9.72|24.9|245|115|46.9|10.8|0.28
Dominik Hrbaty|16882|8617|51.0|9.58|24.9|255|128|50.2|14.5|0.38
Peter Mcnamara|8490|4497|53.0|9.45|25.0|107|52|48.6|11.9|0.31
Guillermo Perez Roldan|8561|4598|53.7|9.37|22.6|116|72|62.1|12.7|0.31
Sjeng Schalken|13886|7062|50.9|9.57|24.8|204|99|48.5|14.1|0.36
Karol Kucera|13054|6692|51.3|9.45|24.3|193|98|50.8|14.0|0.36
Nikola Pilic|17702|9169|51.8|12.59|32.1|151|74|49.0|10.7|0.27
Malivai Washington|10623|5589|52.6|9.60|24.5|166|78|47.0|15.0|0.38
Alberto Mancini|6736|3398|50.4|9.51|24.7|95|55|57.9|13.4|0.35
Fred Stolle|9048|4602|50.9|10.15|26.7|55|32|58.2|6.2|0.16
Mikael Pernfors|6358|3227|50.8|9.41|25.0|66|32|48.5|9.8|0.26
Onny Parun|19010|9658|50.8|9.96|26.4|222|100|45.0|11.6|0.31
Jimmy Arias|12751|6513|51.1|9.68|25.1|198|109|55.1|15.0|0.39
Phil Dent|18741|9463|50.5|9.72|25.3|222|125|56.3|11.5|0.30
Balazs Taroczy|16131|8769|54.4|9.49|24.1|187|89|47.6|11.0|0.28
Juan Monaco|14388|7427|51.6|9.53|23.5|212|100|47.2|14.0|0.35
Corrado Barazzutti|13334|7018|52.6|9.27|23.6|119|52|43.7|8.3|0.21
Jonas Svensson|11426|5941|52.0|9.41|24.7|138|74|53.6|11.4|0.30
Nicolas Lapentti|16029|8052|50.2|9.64|25.9|240|128|53.3|14.4|0.39
Marcos Baghdatis|15672|8133|51.9|9.74|25.2|280|153|54.6|17.4|0.45
David Wheaton|11051|5667|51.3|9.75|26.1|193|99|51.3|17.0|0.46
Nicolas Massu|11871|5967|50.3|9.63|24.0|205|109|53.2|16.6|0.41
Bill Scanlon|13661|6878|50.3|9.67|24.4|211|100|47.4|14.9|0.38
Juan Ignacio Chela|14647|7492|51.2|9.46|24.3|208|100|48.1|13.4|0.34
Ray Ruffels|11384|5856|51.4|9.90|27.2|116|63|54.3|10.1|0.28
Amos Mansdorf|13413|6994|52.1|9.62|24.9|209|107|51.2|15.0|0.39
Ross Case|13975|6979|49.9|9.62|25.4|182|84|46.2|12.5|0.33
Bob Hewitt|10838|5878|54.2|9.49|25.0|60|29|48.3|5.3|0.14
Kent Carlsson|4591|2740|59.7|8.98|21.5|37|19|51.4|7.2|0.17
Jakob Hlasek|19787|10208|51.6|9.78|25.7|329|170|51.7|16.3|0.43
Jaime Yzaga|12697|6419|50.6|9.60|25.9|189|104|55.0|14.3|0.39
Carlos Costa|10795|5588|51.8|9.47|23.7|144|76|52.8|12.6|0.32
Henrik Sundstrom|6345|3296|51.9|9.39|24.2|62|34|54.8|9.2|0.24
Janko Tipsarevic|13833|7043|50.9|9.78|25.3|274|135|49.3|19.4|0.50
Nicolas Escude|7607|3913|51.4|9.67|25.3|141|85|60.3|17.9|0.47
Tim Gullikson|12260|6248|51.0|9.68|24.8|192|99|51.6|15.2|0.39
Kim Warwick|13027|6540|50.2|9.61|23.9|160|84|52.5|11.8|0.29
Juan Aguilera|6453|3243|50.3|9.31|22.5|55|28|50.9|7.9|0.19
Andrei Pavel|13557|6866|50.6|9.61|24.9|239|119|49.8|17.0|0.44
Ramesh Krishnan|15188|7761|51.1|9.49|24.9|168|83|49.4|10.5|0.27
Fabrice Santoro|21978|10945|49.8|9.45|24.0|298|160|53.7|12.8|0.33
Colin Dibley|16333|8327|51.0|9.85|25.3|238|109|45.8|14.4|0.37
Jurgen Melzer|17493|8756|50.1|9.66|25.6|306|147|48.0|16.9|0.45
Younes El Aynaoui|12569|6392|50.9|9.80|25.3|240|132|55.0|18.7|0.48
Arnaud Clement|16086|8039|50.0|9.61|25.0|253|129|51.0|15.1|0.39
Mario Ancic|8797|4656|52.9|9.82|25.6|167|84|50.3|18.6|0.49
Dick Crealy|16553|8352|50.5|9.91|26.1|175|79|45.1|10.5|0.28
Steve Denton|6794|3006|44.2|11.38|30.3|131|58|44.3|21.9|0.58
Bill Bowrey|5557|2755|49.6|9.77|26.7|22|12|54.5|3.9|0.11
Francisco Clavet|17115|8755|51.2|9.41|23.5|247|123|49.8|13.6|0.34
Horst Skoff|10009|5051|50.5|9.48|23.2|128|63|49.2|12.1|0.30
Alexander Volkov|14300|7269|50.8|9.65|25.6|218|106|48.6|14.7|0.39
Jay Berger|5351|2863|53.5|9.29|24.2|52|26|50.0|9.0|0.24
Wally Masur|16373|8297|50.7|9.93|26.7|280|140|50.0|17.0|0.46
Hank Pfister|11615|5948|51.2|9.71|24.5|160|84|52.5|13.4|0.34
Philipp Kohlschreiber|21385|11058|51.7|9.72|24.7|389|194|49.9|17.7|0.45
Jordi Arrese|10122|5119|50.6|9.50|23.3|127|61|48.0|11.9|0.29
Tim Wilkison|14120|7087|50.2|9.64|23.9|199|97|48.7|13.6|0.34
Jeff Borowiak|13935|6947|49.9|9.81|24.0|200|98|49.0|14.1|0.34
Paradorn Srichaphan|11069|5640|51.0|9.66|25.1|208|115|55.3|18.2|0.47
Jason Stoltenberg|14106|7234|51.3|9.53|24.7|205|94|45.9|13.9|0.36
Mark Woodforde|15906|8004|50.3|9.61|25.2|238|116|48.7|14.4|0.38
Alexandr Dolgopolov|10267|5206|50.7|9.68|24.4|181|95|52.5|17.1|0.43
Chris Lewis Nzl|9866|5050|51.2|9.48|23.9|131|65|49.6|12.6|0.32
Scott Davis|9990|5019|50.2|9.68|24.7|139|72|51.8|13.5|0.34
John Sadri|10336|5263|50.9|10.01|25.5|213|100|46.9|20.6|0.53
Max Mirnyi|12691|6369|50.2|10.01|26.1|300|159|53.0|23.7|0.62
Chris Woodruff|5419|2761|51.0|9.68|25.4|85|34|40.0|15.2|0.40
John Fitzgerald|12212|6120|50.1|9.78|25.8|184|102|55.4|14.7|0.39
Martin Klizan|7542|3720|49.3|9.63|25.1|136|71|52.2|17.4|0.45
Paolo Bertolucci|8568|4360|50.9|9.56|24.3|81|42|51.9|9.0|0.23
Michael Llodra|9914|4894|49.4|9.81|24.3|215|105|48.8|21.3|0.53
Thierry Tulasne|10624|5417|51.0|9.30|23.6|111|56|50.5|9.7|0.25
Charlie Pasarell|14154|7108|50.2|10.19|25.6|158|79|50.0|11.4|0.29
Jan Siemerink|13870|6922|49.9|9.80|25.5|269|139|51.7|19.0|0.49
Arnaud Boetsch|10437|5349|51.3|9.58|24.0|167|83|49.7|15.3|0.38
Mal Anderson|4314|2282|52.9|10.52|31.7|38|21|55.3|9.3|0.28
Mariano Puerta|5734|2869|50.0|9.46|23.3|85|51|60.0|14.0|0.35
Mariano Zabaleta|9996|4971|49.7|9.69|24.1|167|80|47.9|16.2|0.40
Peter Fleming|10681|5418|50.7|9.71|24.4|160|75|46.9|14.5|0.37
Slobodan Zivojinovic|8405|4255|50.6|9.99|28.4|131|63|48.1|15.6|0.44
Todd Woodbridge|11977|5969|49.8|9.57|25.0|204|105|51.5|16.3|0.43
Goran Prpic|6069|3102|51.1|9.54|24.6|86|40|46.5|13.5|0.35
John Lloyd|12325|5915|48.0|9.50|25.2|132|70|53.0|10.2|0.27
Patrick Proisy|10145|5256|51.8|9.45|24.3|90|45|50.0|8.4|0.22
Dmitry Tursunov|11705|5857|50.0|9.82|26.1|206|111|53.9|17.3|0.46
Luiz Mattar|9269|4626|49.9|9.61|25.1|141|69|48.9|14.6|0.38
Albert Montanes|12461|6031|48.4|9.43|23.0|184|93|50.5|13.9|0.34
Martin Mulligan|4769|2558|53.6|9.44|27.6|10|3|30.0|2.0|0.06
Heinz Gunthardt|11255|5746|51.1|9.52|24.7|145|71|49.0|12.3|0.32
Ion Tiriac|11075|5760|52.0|9.54|26.1|55|23|41.8|4.7|0.13
Andrew Pattison|13246|6718|50.7|9.74|24.3|164|88|53.7|12.1|0.30
Hans Gildemeister|8495|4479|52.7|9.36|23.9|73|31|42.5|8.0|0.21
Javier Sanchez|15857|7896|49.8|9.62|24.0|256|129|50.4|15.5|0.39
Karl Meiler|10929|5651|51.7|9.56|24.6|123|71|57.7|10.8|0.28
Brian Fairlie|11220|5698|50.8|9.57|24.4|129|64|49.6|11.0|0.28
Carl Uwe Steeb|10511|5271|50.1|9.53|24.8|128|60|46.9|11.6|0.30
Jan Michael Gambill|9641|4930|51.1|9.84|24.3|178|84|47.2|18.2|0.45
Mel Purcell|8167|4204|51.5|9.17|23.0|77|41|53.2|8.6|0.22
Robby Ginepri|9755|4922|50.5|9.63|24.9|163|72|44.2|16.1|0.42
Agustin Calleri|9606|4943|51.5|9.67|24.3|161|78|48.4|16.2|0.41
Andrei Cherkasov|10083|5031|49.9|9.59|24.8|162|75|46.3|15.4|0.40
Florian Mayer|11871|5843|49.2|9.47|23.6|175|83|47.4|14.0|0.35
Hicham Arazi|11079|5478|49.4|9.48|24.8|168|90|53.6|14.4|0.38
Manuel Santana|4483|2554|57.0|9.92|29.1|15|5|33.3|3.3|0.10
Marcelo Filippini|11754|5883|50.1|9.37|23.5|149|82|55.0|11.9|0.30
Thomaz Koch|9983|5162|51.7|9.76|26.6|58|36|62.1|5.7|0.15
Bernard Tomic|9602|4754|49.5|9.90|26.1|203|109|53.7|20.9|0.55
Butch Walts|6492|3208|49.4|9.69|23.4|110|60|54.5|16.4|0.40
Jacco Eltingh|6910|3338|48.3|9.86|25.2|139|81|58.3|19.8|0.51
Marcel Granollers|10764|5202|48.3|9.48|23.8|152|68|44.7|13.4|0.34
Paul Henri Mathieu|14222|7107|50.0|9.68|24.4|259|129|49.8|17.6|0.45
Richard Fromberg|13981|6946|49.7|9.81|25.7|276|131|47.5|19.4|0.51
Taylor Dent|7069|3594|50.8|9.74|24.3|136|72|52.9|18.7|0.47
Fernando Meligeni|10243|5100|49.8|9.55|24.4|136|64|47.1|12.7|0.32
Franco Squillari|7480|3759|50.3|9.43|23.4|100|38|38.0|12.6|0.31
Igor Andreev|11819|5947|50.3|9.72|25.3|215|100|46.5|17.7|0.46
Joachim Johansson|3313|1698|51.3|10.19|25.3|90|44|48.9|27.7|0.69
Jose Acasuso|8678|4360|50.2|9.59|23.1|137|65|47.4|15.1|0.36
Paul Annacone|7676|3923|51.1|9.97|26.7|149|72|48.3|19.4|0.52
Peter Lundgren|6039|3003|49.7|9.54|23.7|78|34|43.6|12.3|0.31
Richey Reneberg|13727|7054|51.4|9.52|24.1|210|112|53.3|14.6|0.37
Viktor Troicki|13927|6955|49.9|9.60|24.5|228|114|50.0|15.7|0.40
Bernd Karbacher|7298|3535|48.4|9.55|24.7|105|57|54.3|13.7|0.35
Byron Black|12777|6486|50.8|9.40|24.4|199|99|49.7|14.6|0.38
David Pate|8751|4403|50.3|9.85|25.1|157|73|46.5|17.7|0.45
Francois Jauffret|9403|4926|52.4|9.66|26.7|68|37|54.4|7.0|0.19
Juan Gisbert|9257|4816|52.0|9.64|24.9|78|45|57.7|8.1|0.21
Martin Verkerk|3439|1692|49.2|10.09|26.7|68|37|54.4|19.9|0.53
Paul Mcnamee|11881|5973|50.3|9.68|25.0|170|89|52.4|13.8|0.36
Paul Haarhuis|13046|6558|50.3|9.56|24.8|213|99|46.5|15.6|0.41
Vincent Spadea|16120|8014|49.7|9.57|24.1|238|100|42.0|14.1|0.36
Albert Portas|7880|3743|47.5|9.41|23.2|106|48|45.3|12.7|0.31
Guillermo Garcia Lopez|15869|7741|48.8|9.60|24.4|270|129|47.8|16.3|0.41
Jiri Hrebec|8933|4518|50.6|9.37|24.6|75|31|41.3|7.9|0.21
Thomaz Bellucci|10891|5354|49.2|9.76|26.1|204|104|51.0|18.3|0.49
Andrea Gaudenzi|10659|5274|49.5|9.40|23.7|144|73|50.7|12.7|0.32
Bohdan Ulihrach|11231|5567|49.6|9.42|23.6|143|63|44.1|12.0|0.30
Kenneth Carlsen|14063|6978|49.6|9.77|25.3|281|145|51.6|19.5|0.51
Ronald Agenor|11925|5972|50.1|9.59|24.6|184|69|37.5|14.8|0.38
Slava Dosedel|9308|4675|50.2|9.50|23.9|129|66|51.2|13.2|0.33
Victor Amaya|8984|4540|50.5|10.08|25.0|171|92|53.8|19.2|0.48
Xavier Malisse|13964|7130|51.1|9.66|24.6|221|115|52.0|15.3|0.39
Bob Giltinan|5735|2771|48.3|10.08|28.7|75|39|52.0|13.2|0.38
Buster C Mottram|11136|6042|54.3|9.38|23.1|115|52|45.2|9.7|0.24
Darren Cahill|6717|3387|50.4|9.58|26.3|103|50|48.5|14.7|0.40
Filip Dewulf|5557|2720|48.9|9.55|25.0|78|31|39.7|13.4|0.35
Jarkko Nieminen|18881|9692|51.3|9.57|25.0|313|169|54.0|15.9|0.41
Leonardo Mayer|9722|4830|49.7|9.84|25.9|212|114|53.8|21.5|0.56
Renzo Furlan|11095|5457|49.2|9.45|24.0|160|80|50.0|13.6|0.35
Georges Goven|10562|5167|48.9|9.50|24.9|82|44|53.7|7.4|0.19
Pat Dupre|9251|4533|49.0|9.56|24.3|128|68|53.1|13.2|0.34
Raymond Moore|18546|9036|48.7|9.81|25.7|185|97|52.4|9.8|0.26
Tom Gullikson|11507|5526|48.0|10.23|25.9|198|92|46.5|17.6|0.45
Frank Froehling|4702|2221|47.2|9.67|24.5|67|37|55.2|13.8|0.35
Roberto Carretero|1581|745|47.1|9.52|23.3|28|6|21.4|16.9|0.41
Gerald Battrick|9139|4485|49.1|9.53|24.7|58|27|46.6|6.0|0.16
Horacio De La Pena|8567|4328|50.5|9.44|23.2|102|53|52.0|11.2|0.28
Marty Davis|8571|4291|50.1|10.06|26.0|163|72|44.2|19.1|0.49
Nicolas Mahut|10369|5090|49.1|10.01|25.5|214|92|43.0|20.7|0.53
Sergiy Stakhovsky|9947|4861|48.9|9.75|25.8|177|87|49.2|17.4|0.46
Fernando Vicente|8955|4293|47.9|9.42|24.2|134|62|46.3|14.1|0.36
Franco Davin|7001|3520|50.3|9.26|22.7|71|37|52.1|9.4|0.23
Jurgen Fassbender|8624|4324|50.1|9.61|24.8|84|48|57.1|9.4|0.24
Kelly Evernden|7475|3724|49.8|9.85|26.4|130|55|42.3|17.1|0.46
Nicklas Kulti|8282|4082|49.3|9.56|24.6|127|60|47.2|14.7|0.38
Paolo Cane|6625|3277|49.5|9.53|24.8|93|48|51.6|13.4|0.35
Peter Feigl|6360|3181|50.0|9.83|25.9|74|32|43.2|11.4|0.30
Stefan Koubek|11538|5597|48.5|9.48|24.7|163|91|55.8|13.4|0.35
Dan Goldie|6170|3057|49.5|9.73|25.8|97|52|53.6|15.3|0.41
Davide Sanguinetti|10363|4968|47.9|9.64|25.0|179|81|45.3|16.7|0.43
Gilles Muller|11883|5935|49.9|10.10|26.7|306|171|55.9|26.0|0.69
Karim Alami|8323|4070|48.9|9.50|23.8|125|62|49.6|14.3|0.36
Kyle Edmund|5984|3038|50.8|9.76|25.4|105|48|45.7|17.1|0.44
Mark Dickson|6101|3104|50.9|9.78|24.7|94|47|50.0|15.1|0.38
Barry Phillips Moore|10622|5225|49.2|9.46|25.1|66|28|42.4|5.9|0.16
Derrick Rostagno|9330|4717|50.6|9.73|24.9|164|74|45.1|17.1|0.44
Jan Gunnarsson|9203|4458|48.4|9.50|23.5|121|70|57.9|12.5|0.31
Patrick McEnroe|7363|3636|49.4|9.56|24.3|132|60|45.5|17.1|0.44
Rod Frawley|6094|2922|47.9|9.60|24.9|90|50|55.6|14.2|0.37
Jerzy Janowicz|5511|2759|50.1|9.93|28.0|113|61|54.0|20.4|0.57
John Marks|2631|1117|42.5|9.60|24.1|30|10|33.3|10.9|0.28
Julien Benneteau|14112|6924|49.1|9.59|24.8|227|115|50.7|15.4|0.40
Pierre Barthes|12573|6143|48.9|13.52|34.4|63|33|52.4|6.8|0.17
Alberto Martin|11019|5267|47.8|9.38|22.6|147|75|51.0|12.5|0.30
David Prinosil|9575|4641|48.5|9.59|24.6|171|79|46.2|17.1|0.44
Javier Frana|8414|4213|50.1|9.82|26.2|143|70|49.0|16.7|0.45
Mario Martinez|3864|1943|50.3|9.22|22.9|38|21|55.3|9.1|0.22
Mike Bauer|4168|2041|49.0|9.90|25.1|67|35|52.2|15.9|0.40
Pedro Rebolledo|5047|2491|49.4|9.09|22.4|41|19|46.3|7.4|0.18
Robert Maud|6180|3041|49.2|9.97|27.2|51|28|54.9|8.2|0.22
Van Winitsky|5693|2737|48.1|9.44|23.7|66|30|45.5|10.9|0.28
Victor Estrella|4277|2086|48.8|9.55|26.9|69|38|55.1|15.4|0.43
Brad Drewett|10036|4840|48.2|9.78|24.8|177|84|47.5|17.3|0.44
Christo Van Rensburg|8297|4212|50.8|9.66|25.5|120|64|53.3|14.0|0.37
Filippo Volandri|8844|4346|49.1|9.21|22.0|101|37|36.6|10.5|0.25
Frew Mcmillan|10459|4974|47.6|9.55|25.1|89|47|52.8|8.1|0.21
Geoff Masters|12053|5978|49.6|9.55|24.8|129|60|46.5|10.2|0.27
Han Jurgen Pohmann|5887|2933|49.8|9.31|24.0|49|20|40.8|7.8|0.20
Jerome Golmard|6729|3367|50.0|9.64|23.4|112|60|53.6|16.0|0.39
Jim Grabb|9422|4676|49.6|9.75|24.9|160|75|46.9|16.6|0.42
Marc Kevin Goellner|8835|4374|49.5|9.87|25.0|173|71|41.0|19.3|0.49
Mike Belkin|3243|1678|51.7|9.59|25.3|10|6|60.0|3.0|0.08
Omar Camporese|7698|3841|49.9|9.54|25.1|107|58|54.2|13.3|0.35
Pavel Slozil|6988|3457|49.5|9.39|22.7|92|46|50.0|12.4|0.30
Robert Vant Hof|4594|2218|48.3|9.71|24.4|79|41|51.9|16.7|0.42
Sammy Giammalva Jr|7808|3881|49.7|9.48|24.0|101|50|49.5|12.3|0.31
Shlomo Glickstein|8899|4524|50.8|9.60|25.5|107|55|51.4|11.5|0.31
Steve Darcis|6303|3082|48.9|9.67|25.0|111|62|55.9|17.0|0.44
Ulrich Pinner|6737|3403|50.5|9.46|24.0|63|35|55.6|8.8|0.22
Vladimir Zednik|6882|3347|48.6|9.86|26.1|99|47|47.5|14.2|0.38
Andreas Vinciguerra|4482|2209|49.3|9.50|23.6|80|34|42.5|16.9|0.42
Antonio Zugarelli|6501|3115|47.9|9.56|24.1|61|32|52.5|9.0|0.23
Bob Carmichael|12094|5947|49.2|9.78|26.0|112|56|50.0|9.1|0.24
Carlos Kirmayr|7905|3895|49.3|9.54|24.5|68|38|55.9|8.2|0.21
Galo Blanco|6883|3245|47.1|9.60|23.2|115|63|54.8|16.0|0.39
Gilbert Schaller|5741|2804|48.8|9.46|23.2|85|43|50.6|14.0|0.34
Guido Pella|6720|3305|49.2|9.80|26.3|136|65|47.8|19.8|0.53
Ismail El Shafei|13460|6666|49.5|9.87|25.0|153|68|44.4|11.2|0.28
Jeremy Chardy|15121|7519|49.7|9.86|25.2|317|152|47.9|20.7|0.53
John Cooper|4276|2116|49.5|10.04|29.1|41|21|51.2|9.6|0.28
Mikael Tillstrom|5843|2877|49.2|9.55|26.0|86|51|59.3|14.1|0.38
Ben Testerman|5016|2466|49.2|9.99|26.5|102|45|44.1|20.3|0.54
Christian Bergstrom|7820|3961|50.7|9.46|24.2|105|49|46.7|12.7|0.33
Michiel Schapers|9203|4506|49.0|9.78|26.1|124|59|47.6|13.2|0.35
Andrei Olhovskiy|7141|3439|48.2|9.77|25.3|134|60|44.8|18.3|0.48
Andrew Ilie|5177|2445|47.2|9.52|25.3|80|42|52.5|14.7|0.39
Angel Gimenez|4370|2092|47.9|9.30|22.5|31|16|51.6|6.6|0.16
Bernard Mitton|10287|5109|49.7|9.59|23.8|131|60|45.8|12.2|0.30
Bryan Shelton|6334|3056|48.2|9.94|26.3|136|72|52.9|21.4|0.56
Carlos Berlocq|7741|3722|48.1|9.45|23.7|108|50|46.3|13.2|0.33
Christian Kuhnke|2954|1606|54.4|9.59|30.8|3|1|33.3|1.0|0.03
Christian Saceanu|4689|2237|47.7|9.79|25.9|80|37|46.3|16.7|0.44
David Sanchez|4651|2239|48.1|9.30|22.8|55|24|43.6|11.0|0.27
Denis Istomin|12690|6279|49.5|9.78|25.6|243|128|52.7|18.7|0.49
Erik Van Dillen|10036|4903|48.9|9.76|24.4|128|57|44.5|12.5|0.31
Florent Serra|7239|3453|47.7|9.68|24.7|136|62|45.6|18.2|0.46
Francesco Cancellotti|5452|2734|50.1|9.43|23.5|61|31|50.8|10.6|0.26
Haroon Rahim|7745|3822|49.3|9.99|24.8|143|61|42.7|18.5|0.46
Jaime Oncins|4214|2054|48.7|9.45|24.6|50|26|52.0|11.2|0.29
Jan Kroslak|4120|1956|47.5|9.47|24.0|62|32|51.6|14.3|0.36
Jeff Tarango|12864|6321|49.1|9.51|24.1|188|80|42.6|13.9|0.35
Jonathan Stark|6975|3492|50.1|9.78|24.3|138|70|50.7|19.4|0.48
Julian Alonso|2658|1275|48.0|9.43|22.9|39|16|41.0|13.8|0.34
Kelly Jones|3138|1438|45.8|9.40|23.8|37|24|64.9|11.1|0.28
Luis Horna|7066|3567|50.5|9.73|24.6|127|65|51.2|17.5|0.44
Marian Vajda|6575|3143|47.8|9.43|24.3|76|37|48.7|10.9|0.28
Martin Sinner|2966|1388|46.8|9.69|23.2|52|20|38.5|17.0|0.41
Mike Estep|7139|3381|47.4|9.82|24.6|95|41|43.2|13.1|0.33
Milan Holecek|7265|3557|49.0|9.79|26.8|59|26|44.1|8.0|0.22
Nicolas Pereira|5624|2666|47.4|9.83|26.3|100|47|47.0|17.5|0.47
Olivier Rochus|12868|6303|49.0|9.52|25.0|213|92|43.2|15.8|0.41
Patrick Baur|4160|1961|47.1|9.67|23.9|72|35|48.6|16.7|0.41
Rajeev Ram|3739|1734|46.4|9.89|24.9|78|45|57.7|20.6|0.52
Sherwood Stewart|9488|4535|47.8|9.71|23.6|124|59|47.6|12.7|0.31
Simon Youl|6008|2885|48.0|9.88|25.9|112|45|40.2|18.4|0.48
Stefano Pescosolido|6533|3125|47.8|9.62|24.4|109|53|48.6|16.1|0.41
Terry Moor|10841|5422|50.0|9.54|23.2|141|79|56.0|12.4|0.30
Tomas Carbonell|9831|4831|49.1|9.36|23.6|122|56|45.9|11.6|0.29
Tom Edlefsen|5551|2649|47.7|9.79|24.0|42|22|52.4|7.4|0.18
Yahiya Doumbia|2186|1122|51.3|9.63|27.0|22|9|40.9|9.7|0.27
Adrian Voinea|7664|3688|48.1|9.56|24.6|127|66|52.0|15.8|0.41
Alex Obrien|5835|2800|48.0|9.77|25.5|97|54|55.7|16.2|0.42
Andreas Maurer|6111|3003|49.1|9.50|23.8|81|36|44.4|12.6|0.32
Andrey Golubev|4492|2135|47.5|9.54|24.4|73|31|42.5|15.5|0.40
Arnaud Di Pasquale|4022|1966|48.9|9.46|24.1|70|29|41.4|16.5|0.42
Billy Martin|7521|3628|48.2|9.62|23.5|89|61|68.5|11.4|0.28
Diego Perez|10877|5424|49.9|9.33|23.6|105|43|41.0|9.0|0.23
Horacio Zeballos|5514|2608|47.3|9.97|24.6|120|54|45.0|21.7|0.54
Istvan Gulyas|3479|1781|51.2|9.51|28.5|4|3|75.0|1.1|0.03
Jonathan Canter|4179|2028|48.5|9.70|25.5|55|21|38.2|12.8|0.34
Larry Stefanki|3389|1589|46.9|9.68|24.4|61|27|44.3|17.4|0.44
Leander Paes|5143|2623|51.0|9.54|26.0|86|38|44.2|16.0|0.43
Milan Srejber|6798|3394|49.9|9.85|26.5|112|60|53.6|16.2|0.44
Mischa Zverev|7916|3756|47.4|9.69|23.8|145|66|45.5|17.7|0.44
Ove Nils Bengtson|7964|3822|48.0|10.01|25.5|107|61|57.0|13.4|0.34
Pablo Arraya|8551|4240|49.6|9.56|23.8|105|51|48.6|11.7|0.29
Philipp Petzschner|4957|2408|48.6|9.68|25.4|94|52|55.3|18.4|0.48
Scott Draper|6227|2994|48.1|9.85|26.4|120|64|53.3|19.0|0.51
Sergio Casal|6817|3337|49.0|9.56|25.0|76|26|34.2|10.7|0.28
Shuzo Matsuoka|7959|3979|50.0|9.74|25.5|148|76|51.4|18.1|0.47
Thomas Hogstedt|5730|2637|46.0|9.61|23.8|96|42|43.8|16.1|0.40
Ulf Stenlund|2318|1190|51.3|9.09|24.1|25|11|44.0|9.8|0.26
Victor Hanescu|11169|5501|49.3|9.78|25.1|236|109|46.2|20.7|0.53
Vincent Van Patten|5243|2561|48.8|9.38|23.2|60|25|41.7|10.7|0.27
Wesley Moodie|3416|1670|48.9|10.17|26.7|97|47|48.5|28.9|0.76
Wilhelm Bungert|3207|1698|52.9|9.90|32.7|3|1|33.3|0.9|0.03
Alexander Popp|2857|1358|47.5|9.49|26.0|37|18|48.6|12.3|0.34
Allan Stone|12268|6219|50.7|10.01|26.6|134|58|43.3|10.9|0.29
Bart Wuyts|2737|1288|47.1|9.12|23.4|21|12|57.1|7.0|0.18
Christophe Rochus|7713|3491|45.3|9.26|22.9|64|28|43.8|7.7|0.19
Christophe Roger Vasselin|5257|2481|47.2|9.22|23.8|53|30|56.6|9.3|0.24
Cristiano Caratti|4689|2167|46.2|9.49|24.8|71|32|45.1|14.4|0.38
Francisco Gonzalez|7677|3867|50.4|10.44|26.8|113|53|46.9|15.4|0.40
Francisco Maciel|2757|1335|48.4|9.47|25.8|21|9|42.9|7.2|0.20
Harel Levy|4005|1903|47.5|9.47|24.7|65|24|36.9|15.4|0.40
Henrik Holm|5251|2604|49.6|9.71|25.5|83|36|43.4|15.3|0.40
Hyeon Chung|3606|1870|51.9|9.49|24.4|56|21|37.5|14.7|0.38
Jim Osborne|5408|2688|49.7|10.42|25.9|43|18|41.9|8.3|0.21
Leif Shiras|4455|2090|46.9|9.83|25.6|76|39|51.3|16.8|0.44
Patrik Kuhnen|7002|3423|48.9|9.68|25.0|107|55|51.4|14.8|0.38
Peter Rennert|2744|1334|48.6|9.70|25.2|42|23|54.8|14.8|0.39
Rodney Harmon|1887|879|46.6|9.73|24.8|27|18|66.7|13.9|0.36
Thierry Champion|6615|3107|47.0|9.42|24.9|75|33|44.0|10.7|0.28
Vladimir Voltchkov|4360|2115|48.5|9.65|26.7|76|36|47.4|16.8|0.47
Alejandro Olmedo|2585|1232|47.7|10.14|25.3|25|16|64.0|9.8|0.25
Alex Antonitsch|6200|2960|47.7|9.58|24.8|103|59|57.3|15.9|0.41
Alex Calatrava|4294|2060|48.0|9.65|24.4|73|28|38.4|16.4|0.41
Antony Dupuis|5281|2497|47.3|9.93|24.8|117|63|53.8|22.0|0.55
Benjamin Becker|9015|4315|47.9|9.80|24.2|176|73|41.5|19.1|0.47
Bernard Mignot|2941|1465|49.8|9.52|26.3|22|10|45.5|7.1|0.20
Birger Andersson|2482|1138|45.9|9.37|23.4|20|10|50.0|7.5|0.19
Carsten Arriens|1432|692|48.3|9.48|22.4|22|9|40.9|14.6|0.34
Christian Miniussi|3361|1597|47.5|9.55|24.0|36|12|33.3|10.2|0.26
Chuck Adams|4304|2119|49.2|9.74|24.5|79|39|49.4|17.9|0.45
Claudio Mezzadri|5941|2936|49.4|9.37|23.4|69|36|52.2|10.9|0.27
Claudio Panatta|6027|2906|48.2|9.54|24.4|76|39|51.3|12.0|0.31
Claudio Pistolesi|4455|2104|47.2|9.38|23.7|52|22|42.3|10.9|0.28
Colin Dowdeswell|7014|3297|47.0|9.60|23.9|79|40|50.6|10.8|0.27
Dan Cassidy|2658|1189|44.7|9.60|24.2|45|19|42.2|16.2|0.41
Daniele Bracciali|2266|1057|46.6|9.77|25.2|44|21|47.7|19.0|0.49
Danny Saltz|891|419|47.0|9.68|24.1|16|9|56.3|17.4|0.43
Dimitri Poliakov|2017|976|48.4|9.34|24.6|19|8|42.1|8.8|0.23
Dominique Bedel|3413|1602|46.9|9.51|23.2|38|15|39.5|10.6|0.26
Eddie Edwards|5729|2734|47.7|9.73|25.9|89|37|41.6|15.1|0.40
Eric Jelen|6739|3302|49.0|9.50|24.9|87|38|43.7|12.3|0.32
Erick Iskersky|2169|1002|46.2|9.47|22.8|25|18|72.0|10.9|0.26
Frederic Fontang|1965|883|44.9|9.31|22.3|32|11|34.4|15.2|0.36
Fritz Buehning|5772|2821|48.9|9.62|24.7|69|32|46.4|11.5|0.29
Gabriel Markus|3261|1579|48.4|9.68|24.9|55|26|47.3|16.3|0.42
Gianluca Pozzi|10437|4909|47.0|9.45|24.1|132|69|52.3|11.9|0.30
Gianni Ocleppo|5445|2587|47.5|9.60|23.7|63|29|46.0|11.1|0.27
Guillaume Raoux|9760|4767|48.8|9.65|24.2|175|93|53.1|17.3|0.43
Hans Kary|9675|4619|47.7|9.54|24.5|82|36|43.9|8.1|0.21
Hernan Gumy|5913|2945|49.8|9.46|24.3|83|43|51.8|13.3|0.34
Howard Schoenfield|1048|422|40.3|9.03|19.8|4|1|25.0|3.4|0.08
Hyung Taik Lee|8348|4234|50.7|9.52|25.7|134|66|49.3|15.3|0.41
Igor Kunitsyn|5697|2596|45.6|9.50|23.5|94|46|48.9|15.7|0.39
Ivan Dodig|6406|3151|49.2|9.68|24.8|117|61|52.1|17.7|0.45
Jan Leschly|2483|1292|52.0|10.05|28.9|14|6|42.9|5.7|0.16
Jan Norback|2630|1180|44.9|9.29|23.1|26|11|42.3|9.2|0.23
Jan Vacek|2206|1006|45.6|9.51|24.5|31|15|48.4|13.4|0.34
Jared Palmer|3877|1918|49.5|9.72|26.0|72|35|48.6|18.0|0.48
Jay Lapidus|4454|2106|47.3|9.70|24.6|59|32|54.2|12.9|0.33
Jeff Austin|3157|1517|48.1|9.63|23.7|45|17|37.8|13.7|0.34
Jeremy Bates|8215|3860|47.0|9.61|25.5|114|55|48.2|13.3|0.35
Jerome Haehnel|641|279|43.5|9.57|24.7|12|6|50.0|17.9|0.46
Jim Pugh|4642|2284|49.2|9.67|25.8|69|33|47.8|14.4|0.38
Jordi Burillo|5122|2464|48.1|9.43|23.2|69|28|40.6|12.7|0.31
Jose Francisco Altur|2298|1028|44.7|9.58|23.7|32|12|37.5|13.3|0.33
Juan Antonio Marin|4567|2121|46.4|9.40|22.5|72|30|41.7|14.8|0.35
Juan Balcells|2254|1116|49.5|9.93|25.0|46|15|32.6|20.3|0.51
Julien Boutter|3693|1777|48.1|9.90|25.3|75|30|40.0|20.1|0.51
Kjell Johansson|6238|3065|49.1|9.35|23.4|46|31|67.4|6.9|0.17
Lars Burgsmuller|5771|2690|46.6|9.48|23.8|72|27|37.5|11.8|0.30
Lars Elvstrom|934|430|46.0|9.34|25.9|2|1|50.0|2.0|0.06
Leonardo Lavalle|5479|2631|48.0|9.63|27.5|69|33|47.8|12.1|0.35
Libor Pimek|5500|2699|49.1|9.24|22.3|45|25|55.6|7.6|0.18
Mark Koevermans|3812|1876|49.2|9.37|24.4|46|16|34.8|11.3|0.29
Marko Ostoja|5448|2525|46.3|9.34|23.7|61|26|42.6|10.5|0.27
Markus Zoecke|4191|2005|47.8|9.72|24.7|74|38|51.4|17.2|0.44
Mark Vines|728|311|42.7|9.33|22.8|9|1|11.1|11.5|0.28
Massimiliano Narducci|1062|496|46.7|9.40|23.6|11|6|54.5|9.7|0.24
Matt Anger|4743|2289|48.3|9.78|25.2|85|44|51.8|17.5|0.45
Matt Doyle|3699|1847|49.9|9.66|26.6|42|19|45.2|11.0|0.30
Matt Mitchell|3984|1839|46.2|9.58|23.7|55|27|49.1|13.2|0.33
Mauricio Hadad|3107|1573|50.6|9.42|25.9|45|28|62.2|13.6|0.38
Michal Tabara|2250|1055|46.9|9.38|23.7|18|8|44.4|7.5|0.19
Nduka Odizor|5963|2840|47.6|10.01|26.6|111|62|55.9|18.6|0.50
Neville Godwin|2449|1170|47.8|9.80|26.6|44|20|45.5|17.6|0.48
Nicklas Kroon|2815|1336|47.5|9.51|24.9|42|30|71.4|14.2|0.37
Nick Saviano|8719|4211|48.3|9.79|24.1|131|70|53.4|14.7|0.36
Nicola Pietrangeli|2429|1258|51.8|9.24|27.9|0|0|0.0|0.0|0.00
Paolo Lorenzi|7223|3362|46.5|9.59|24.5|127|55|43.3|16.9|0.43
Per Hjertquist|3014|1435|47.6|9.25|22.7|27|10|37.0|8.3|0.20
Peter Doohan|3292|1549|47.1|9.95|24.9|54|23|42.6|16.3|0.41
Peter Wessels|2683|1306|48.7|10.09|25.6|64|29|45.3|24.1|0.61
