name|Opponent Rank|Opponent Elo Rating|Upsets scored|Upsets scored %|Upsets against|Upsets against %|Upsets|Upsets %|Point Time (seconds)|Game Time (minutes)|Set Time (minutes)|Match Time
Carlos Alcaraz Garfia|31|1970|28|24.8|13|11.5|41|36.3|45.7|4.96|47.9|2.03
Rafael Nadal|27|2020|61|4.8|166|13.0|227|17.7|45.7|4.82|45.0|1.9
Casper Ruud|43|1924|35|14.3|39|15.9|74|30.2|43.2|4.52|43.4|1.75
Stefanos Tsitsipas|29|1993|35|9.8|73|20.5|108|30.3|42.9|4.47|44.3|1.9
Novak Djokovic|24|2039|66|5.4|149|12.1|215|17.4|42.4|4.53|42.7|1.85
Felix Auger Aliassime|38|1950|32|12.6|55|21.7|87|34.4|45.6|4.83|47.5|1.95
Daniil Medvedev|33|1983|47|12.4|64|16.9|111|29.4|40.9|4.32|41.2|1.75
Andrey Rublev|37|1957|64|17.9|59|16.5|123|34.5|38.7|4.14|40.1|1.67
Taylor Harry Fritz|43|1929|61|19.8|64|20.8|125|40.6|39.0|4.15|40.8|1.77
Hubert Hurkacz|39|1947|35|16.0|49|22.4|84|38.4|40.7|4.33|43.2|1.85
Holger Vitus Nodskov Rune|43|1914|27|32.9|11|13.4|38|46.3|43.8|4.60|45.4|1.78
Alexander Zverev|32|1985|51|10.6|81|16.9|132|27.5|39.2|4.13|40.0|1.77
Pablo Carreno Busta|43|1932|60|12.6|103|21.7|163|34.3|39.5|4.22|40.7|1.72
Cameron Norrie|44|1923|50|19.4|47|18.2|97|37.6|42.4|4.53|43.5|1.82
Jannik Sinner|39|1950|26|14.8|22|12.5|48|27.3|44.2|4.79|46.5|1.9
Matteo Berrettini|39|1952|28|13.1|36|16.8|64|29.9|42.5|4.45|44.2|1.97
Marin Cilic|37|1966|82|9.1|168|18.6|250|27.6|40.4|4.30|42.0|1.83
Denis Shapovalov|38|1956|35|11.9|79|26.8|114|38.6|42.0|4.43|44.2|1.92
Frances Tiafoe|41|1941|59|21.9|55|20.4|114|42.4|40.4|4.32|42.7|1.92
Karen Khachanov|37|1958|51|14.0|74|20.4|125|34.4|41.4|4.43|43.7|1.92
Roberto Bautista Agut|41|1952|51|8.6|124|20.9|175|29.6|39.7|4.25|40.9|1.75
Nick Kyrgios|30|1988|77|24.6|38|12.1|115|36.7|35.0|3.60|36.3|1.6
Lorenzo Musetti|40|1926|35|33.7|14|13.5|49|47.1|44.9|4.76|45.8|1.85
Alex De Minaur|38|1944|39|15.9|54|22.0|93|37.8|43.0|4.66|44.8|1.9
Diego Sebastian Schwartzman|40|1943|45|10.7|99|23.5|144|34.1|42.1|4.58|43.1|1.85
Borna Coric|33|1968|72|21.5|55|16.4|127|37.9|41.0|4.33|42.3|1.8
Daniel Evans|39|1941|59|22.9|54|20.9|113|43.8|45.1|4.86|46.9|2.08
Grigor Dimitrov|35|1975|96|15.4|125|20.1|221|35.5|39.3|4.17|41.0|1.75
Miomir Kecmanovic|45|1917|35|20.3|28|16.3|63|36.6|41.2|4.44|43.1|1.75
Francisco Cerundolo|42|1913|19|32.8|8|13.8|27|46.6|43.1|4.77|45.7|1.87
Alejandro Davidovich Fokina|38|1937|26|20.0|20|15.4|46|35.4|42.9|4.70|45.3|1.97
Tommy Paul|43|1930|38|23.6|24|14.9|62|38.5|41.8|4.48|43.8|1.83
Sebastian Korda|38|1944|34|32.1|14|13.2|48|45.3|43.0|4.65|44.9|1.88
Maxime Cressy|42|1927|19|28.4|11|16.4|30|44.8|43.3|4.49|45.9|1.97
Botic Van De Zandschulp|42|1922|19|21.6|15|17.0|34|38.6|43.1|4.67|45.4|1.92
Yoshihito Nishioka|42|1935|65|31.9|21|10.3|86|42.2|40.8|4.38|41.2|1.75
Alexander Bublik|47|1920|33|16.9|36|18.5|69|35.4|37.7|4.00|39.4|1.63
Reilly Opelka|46|1929|33|19.2|38|22.1|71|41.3|40.1|4.11|42.9|1.82
Albert Ramos|47|1919|96|17.2|127|22.7|223|39.9|42.9|4.63|44.8|1.87
Emil Ruusuvuori|55|1884|33|25.8|20|15.6|53|41.4|43.7|4.72|44.7|1.83
John Isner|41|1949|83|10.7|171|22.0|254|32.7|37.7|3.89|41.3|1.83
Jack Draper|29|1977|14|41.2|1|2.9|15|44.1|44.3|4.78|46.6|1.68
Sebastian Baez|47|1901|8|14.8|15|27.8|23|42.6|44.0|4.84|45.2|1.82
Arthur Rinderknech|45|1898|28|36.8|10|13.2|38|50.0|44.6|4.63|45.5|1.93
Lorenzo Sonego|46|1911|32|17.1|38|20.3|70|37.4|45.6|4.86|48.0|2.02
Adrian Mannarino|48|1919|83|15.7|126|23.8|209|39.4|39.1|4.16|39.8|1.67
Brandon Nakashima|53|1900|23|27.7|6|7.2|29|34.9|44.9|4.71|47.1|1.88
Jenson Brooksby|41|1932|23|32.4|11|15.5|34|47.9|46.5|4.97|46.0|1.88
Andy Murray|28|2013|103|10.9|109|11.5|212|22.4|42.2|4.54|43.0|1.9
Alex Molcan|51|1898|14|25.5|11|20.0|25|45.5|41.7|4.55|43.6|1.8
Corentin Moutet|48|1906|32|32.3|14|14.1|46|46.5|44.9|4.84|47.7|2.12
Gael Monfils|37|1957|117|14.1|143|17.3|260|31.4|38.5|4.12|39.9|1.72
David Goffin|38|1958|66|12.4|117|22.0|183|34.3|38.5|4.16|39.7|1.68
Filip Krajinovic|43|1931|43|18.0|39|16.3|82|34.3|40.1|4.30|41.4|1.7
Fabio Fognini|45|1935|87|11.4|162|21.2|249|32.5|39.0|4.22|40.1|1.72
Marc Andrea Huesler|59|1876|12|34.3|4|11.4|16|45.7|40.5|4.25|42.6|1.73
Jaume Munar|51|1887|27|18.4|26|17.7|53|36.1|44.6|4.98|48.8|2.03
Aslan Karatsev|44|1918|17|15.2|33|29.5|50|44.6|45.0|4.88|46.7|2.03
Benjamin Bonzi|52|1899|8|14.0|4|7.0|12|21.1|40.2|4.31|42.4|1.75
Marcos Giron|43|1929|29|24.8|15|12.8|44|37.6|42.1|4.47|44.5|1.92
Pedro Martinez Portero|54|1881|22|21.8|16|15.8|38|37.6|47.5|5.22|50.3|2.12
Mackenzie Mcdonald|46|1915|43|28.7|14|9.3|57|38.0|40.9|4.37|42.1|1.88
Quentin Halys|50|1905|8|18.2|5|11.4|13|29.5|38.6|4.20|43.7|2.08
Jeffrey John Wolf|40|1939|14|38.9|3|8.3|17|47.2|45.3|4.67|44.9|1.83
Daniel Elahi Galan Riveros|57|1863|27|39.1|4|5.8|31|44.9|41.5|4.41|41.7|1.78
Richard Gasquet|37|1961|119|12.5|165|17.4|284|29.9|39.1|4.13|39.7|1.65
Mikael Ymer|56|1894|38|31.9|11|9.2|49|41.2|43.9|4.77|45.1|1.95
Laslo Djere|57|1889|35|17.6|48|24.1|83|41.7|43.6|4.73|47.0|1.95
Thiago Monteiro|69|1855|34|20.6|27|16.4|61|37.0|43.6|4.56|45.0|1.93
Bernabe Zapata Miralles|60|1867|11|25.0|6|13.6|17|38.6|42.1|4.49|42.6|1.68
Ilya Ivashka|52|1899|42|28.4|14|9.5|56|37.8|43.6|4.73|46.3|1.98
Roberto Carballes Baena|61|1872|40|23.5|22|12.9|62|36.5|45.2|4.85|46.0|1.92
Federico Coria|61|1863|16|19.5|19|23.2|35|42.7|44.4|4.80|44.9|1.88
Oscar Otte|47|1909|15|25.4|8|13.6|23|39.0|40.0|4.21|41.1|1.82
Kamil Majchrzak|84|1838|12|18.5|5|7.7|17|26.2|39.9|4.25|40.4|1.75
Christopher Oconnell|53|1904|11|30.6|1|2.8|12|33.3|42.1|4.54|46.6|2.28
Tomas Martin Etcheverry|81|1799|2|10.0|7|35.0|9|45.0|49.7|5.35|50.8|1.95
Dusan Lajovic|50|1906|66|17.4|78|20.6|144|38.0|40.3|4.29|41.9|1.77
Jiri Lehecka|40|1909|7|26.9|3|11.5|10|38.5|41.1|4.45|42.8|1.75
Joao Sousa|57|1895|76|16.6|118|25.7|194|42.3|37.4|4.02|38.5|1.65
Soon Woo Kwon|55|1886|20|19.6|15|14.7|35|34.3|44.7|4.81|46.5|2.1
Jordan Thompson|53|1895|35|17.8|38|19.3|73|37.1|43.7|4.62|45.0|2.0
Christian Garin|57|1891|24|12.8|42|22.5|66|35.3|42.0|4.58|44.1|1.92
Ugo Humbert|45|1928|28|19.3|36|24.8|64|44.1|42.5|4.53|45.0|1.98
Marton Fucsovics|46|1915|58|23.8|43|17.6|101|41.4|43.2|4.72|45.7|2.03
Roman Safiullin|45|1907|12|50.0|1|4.2|13|54.2|45.6|5.04|50.8|2.23
Facundo Bagnis|67|1856|18|16.4|17|15.5|35|31.8|41.7|4.49|43.4|1.77
Gregoire Barrere|47|1913|10|22.7|3|6.8|13|29.5|37.1|3.97|38.5|1.83
Nikoloz Basilashvili|49|1914|50|16.2|78|25.2|128|41.4|38.0|4.10|39.3|1.67
Taro Daniel|61|1878|39|22.4|17|9.8|56|32.2|43.1|4.60|43.9|1.88
Thanasi Kokkinakis|44|1935|36|34.6|5|4.8|41|39.4|39.1|4.18|42.0|1.87
Daniel Altmaier|61|1884|12|22.6|12|22.6|24|45.3|43.8|4.74|45.9|1.87
Tallon Griekspoor|47|1919|14|24.1|9|15.5|23|39.7|40.7|4.33|43.3|1.87
Vasek Pospisil|40|1949|67|22.1|49|16.2|116|38.3|36.6|3.85|38.7|1.65
Zhizhen Zhang|67|1864|8|38.1|1|4.8|9|42.9|38.7|4.21|42.4|1.8
Alejandro Tabilo|60|1850|13|31.0|2|4.8|15|35.7|41.8|4.42|41.6|1.6
Marco Cecchinato|57|1903|30|16.9|47|26.4|77|43.3|39.1|4.20|40.3|1.72
Dominic Thiem|35|1970|73|14.5|108|21.4|181|35.9|39.0|4.15|40.7|1.75
Radu Albot|65|1876|41|18.4|28|12.6|69|30.9|40.8|4.42|42.1|1.85
Emilio Gomez|132|1769|6|17.6|2|5.9|8|23.5|39.8|4.22|39.8|1.87
Juan Pablo Varillas Patino Samudio|136|1750|6|20.0|4|13.3|10|33.3|46.1|4.89|50.6|1.78
Denis Kudla|55|1901|43|22.6|39|20.5|82|43.2|36.2|3.82|36.9|1.65
Jason Kubler|60|1878|10|35.7|3|10.7|13|46.4|45.2|4.82|46.6|2.13
Hugo Gaston|48|1908|17|34.0|8|16.0|25|50.0|41.2|4.58|43.6|1.85
Jiri Vesely|55|1891|64|21.1|57|18.8|121|39.8|38.5|4.07|40.3|1.73
Steve Johnson|48|1920|73|18.6|65|16.5|138|35.1|36.2|3.81|38.0|1.62
Michael Mmoh|65|1876|6|16.2|2|5.4|8|21.6|42.4|4.49|42.6|2.0
Norbert Gombos|57|1887|20|25.3|11|13.9|31|39.2|39.4|4.26|40.9|1.83
Alexei Popyrin|43|1909|27|24.8|12|11.0|39|35.8|39.6|4.25|43.0|1.85
Pablo Andujar|50|1908|72|18.0|98|24.5|170|42.5|41.4|4.54|42.6|1.77
Jurij Rodionov|64|1875|7|29.2|1|4.2|8|33.3|41.2|4.45|45.1|1.75
Christopher Eubanks|69|1862|9|29.0|1|3.2|10|32.3|36.3|3.75|37.5|1.65
Fernando Verdasco|39|1951|130|13.0|207|20.7|337|33.7|39.8|4.26|41.2|1.78
Federico Delbonis|54|1899|69|19.1|74|20.4|143|39.5|41.1|4.43|43.3|1.8
Elias Ymer|71|1834|21|23.9|8|9.1|29|33.0|40.5|4.38|43.0|1.82
Yannick Hanfmann|63|1879|25|37.9|9|13.6|34|51.5|41.2|4.42|42.5|1.72
Jack Sock|42|1941|73|22.5|58|17.8|131|40.3|36.6|3.84|37.8|1.63
Hugo Dellien|97|1819|6|8.7|13|18.8|19|27.5|41.5|4.58|43.3|1.78
Jozef Kovalik|73|1849|16|24.6|8|12.3|24|36.9|41.8|4.53|43.8|1.88
Gilles Simon|40|1947|106|11.8|207|23.1|313|34.9|40.7|4.43|42.5|1.82
John Millman|46|1925|51|19.2|43|16.2|94|35.3|40.9|4.40|42.6|1.85
Stan Wawrinka|32|1988|130|15.0|148|17.1|278|32.2|39.5|4.23|41.6|1.87
Jan Lennard Struff|41|1937|78|21.0|66|17.8|144|38.8|37.8|4.05|39.7|1.7
Nicolas Jarry|59|1878|22|18.2|22|18.2|44|36.4|39.3|4.15|41.8|1.85
James Duckworth|56|1888|31|21.8|21|14.8|52|36.6|38.4|4.11|40.7|1.88
Maximilian Marterer|54|1891|16|19.8|14|17.3|30|37.0|39.3|4.07|39.8|1.68
Liam Broady|49|1910|12|32.4|0|0.0|12|32.4|38.2|4.06|37.3|1.68
Carlos Taberner|56|1863|10|27.8|6|16.7|16|44.4|46.5|4.88|45.5|1.92
Ricardas Berankis|61|1876|71|25.8|35|12.7|106|38.5|36.4|3.91|37.8|1.65
Henri Laaksonen|67|1865|32|26.4|11|9.1|43|35.5|39.5|4.31|41.5|1.83
Benoit Paire|46|1927|78|14.7|146|27.4|224|42.1|34.5|3.79|36.9|1.58
Dennis Novak|63|1872|16|21.6|11|14.9|27|36.5|37.5|4.00|38.5|1.68
Renzo Olivo|73|1839|18|32.1|6|10.7|24|42.9|41.9|4.64|44.9|1.92
Damir Dzumhur|57|1896|53|20.9|39|15.4|92|36.2|38.6|4.14|39.0|1.67
Mikhail Kukushkin|47|1915|95|23.7|69|17.2|164|40.9|40.0|4.32|41.6|1.78
Sebastian Ofner|50|1912|10|40.0|2|8.0|12|48.0|40.0|4.20|41.4|1.7
Nicolas Kicker|70|1864|8|17.0|6|12.8|14|29.8|42.0|4.43|41.8|1.75
Dimitar Kuzmanov|222|1692|3|12.0|1|4.0|4|16.0|44.2|4.78|44.8|1.93
Stefan Kozlov|47|1902|9|25.7|3|8.6|12|34.3|43.1|4.66|42.6|1.63
Dominik Koepfer|43|1914|18|21.4|13|15.5|31|36.9|41.1|4.43|43.1|1.95
Cedrik Marcel Stebe|54|1912|28|34.1|5|6.1|33|40.2|42.5|4.57|42.5|1.8
Gianluca Mager|62|1867|13|22.0|12|20.3|25|42.4|40.8|4.33|42.4|1.87
Mitchell Krueger|62|1879|7|29.2|1|4.2|8|33.3|43.0|4.48|42.5|1.67
Lukas Rosol|44|1928|53|18.8|51|18.1|104|36.9|33.6|3.58|34.9|1.5
Max Purcell|49|1909|8|40.0|0|0.0|8|40.0|41.3|4.38|41.1|1.77
Marco Trungelliti|80|1824|9|28.1|2|6.3|11|34.4|41.8|4.55|44.1|2.15
Ernesto Escobedo|61|1879|16|29.1|4|7.3|20|36.4|39.8|4.20|40.6|1.77
Gastao Elias|72|1855|19|22.9|12|14.5|31|37.3|41.9|4.51|42.8|1.82
Peter Gojowczyk|44|1919|51|29.3|20|11.5|71|40.8|36.8|3.91|37.7|1.6
Lloyd George Muirhead Harris|58|1888|31|23.1|20|14.9|51|38.1|41.5|4.33|41.7|1.77
Robin Haase|53|1907|92|18.4|83|16.6|175|35.0|37.3|3.98|38.8|1.68
Alessandro Giannessi|80|1832|9|25.7|3|8.6|12|34.3|44.0|4.91|48.8|2.17
Tennys Sandgren|50|1919|21|17.4|27|22.3|48|39.7|41.4|4.38|43.1|1.9
Pablo Cuevas|59|1889|80|17.4|94|20.5|174|37.9|38.7|4.11|40.0|1.67
Juan Ignacio Londero|60|1869|15|17.6|15|17.6|30|35.3|41.5|4.39|42.5|1.87
Egor Gerasimov|61|1874|35|30.2|8|6.9|43|37.1|40.7|4.39|43.2|1.85
Salvatore Caruso|51|1893|10|15.9|7|11.1|17|27.0|44.0|4.81|45.9|1.97
Pierre Hugues Herbert|43|1939|63|28.6|28|12.7|91|41.4|37.6|3.99|40.0|1.73
Ernests Gulbis|43|1938|122|25.3|89|18.5|211|43.8|38.9|4.12|40.2|1.7
Stefano Travaglia|59|1880|18|22.2|10|12.3|28|34.6|41.1|4.43|44.1|1.9
Bjorn Fratangelo|53|1899|16|26.7|4|6.7|20|33.3|38.5|4.11|39.4|1.72
Thomas Fabbiano|61|1882|16|17.8|14|15.6|30|33.3|39.9|4.35|41.6|1.9
Yasutaka Uchiyama|69|1863|6|15.8|3|7.9|9|23.7|47.1|4.91|47.0|2.07
Sam Querrey|43|1936|122|17.1|139|19.5|261|36.7|35.2|3.67|36.9|1.58
Aljaz Bedene|49|1906|60|20.3|44|14.9|104|35.3|38.6|4.10|40.4|1.72
Prajnesh Gunneswaran|76|1826|4|11.4|5|14.3|9|25.7|37.8|3.90|37.3|1.52
Kenny De Schepper|61|1869|14|16.3|13|15.1|27|31.4|35.0|3.68|36.7|1.53
Andreas Seppi|43|1935|125|15.5|144|17.8|269|33.3|38.9|4.18|40.7|1.75
Gerald Melzer|79|1844|9|16.7|9|16.7|18|33.3|40.1|4.25|41.0|1.72
Marius Copil|62|1884|41|27.3|18|12.0|59|39.3|38.9|4.06|40.6|1.72
Cem Ilkel|171|1744|2|6.9|8|27.6|10|34.5|39.9|4.27|40.4|1.78
Lucas Pouille|44|1947|40|15.0|61|22.9|101|38.0|36.7|3.94|38.8|1.73
Jason Jung|84|1844|7|23.3|4|13.3|11|36.7|39.4|4.29|42.7|1.72
Guido Andreozzi|52|1870|8|22.2|6|16.7|14|38.9|42.8|4.66|44.1|1.92
Evgeny Donskoy|56|1896|34|19.8|26|15.1|60|34.9|37.8|4.06|39.5|1.68
Mirza Basic|84|1847|22|31.4|12|17.1|34|48.6|37.8|3.97|39.3|1.67
Roger Federer|27|2017|77|5.1|195|12.8|272|17.9|37.0|3.90|37.8|1.65
Jimmy Connors|45|1975|53|3.8|155|11.1|208|14.9|42.9|4.76|44.8|1.95
Ivan Lendl|34|1991|61|4.7|167|13.0|228|17.7|39.4|4.29|40.9|1.75
Pete Sampras|32|1992|51|5.2|169|17.2|220|22.4|32.7|3.56|34.7|1.55
John McEnroe|32|2002|56|5.3|123|11.6|179|16.8|42.5|4.63|43.8|1.88
Bjorn Borg|40|1984|32|4.6|76|10.9|108|15.5|38.0|3.99|37.1|1.38
Andre Agassi|36|1971|100|8.8|195|17.1|295|25.8|33.6|3.66|34.3|1.48
Boris Becker|31|1993|94|10.2|146|15.8|240|25.9|35.3|3.88|38.2|1.68
Stefan Edberg|33|1987|67|6.3|185|17.3|252|23.5|33.9|3.73|35.5|1.53
Mats Wilander|42|1965|104|13.5|98|12.7|202|26.2|33.2|3.67|34.7|1.5
Guillermo Vilas|56|1937|51|4.6|178|15.9|229|20.4|41.7|4.76|46.0|2.3
Lleyton Hewitt|37|1957|122|13.9|130|14.8|252|28.7|40.8|4.39|41.9|1.87
Andy Roddick|37|1966|43|5.2|147|17.9|190|23.1|38.4|3.95|39.2|1.65
Jim Courier|38|1965|77|10.4|137|18.5|214|28.9|36.4|3.97|38.3|1.65
Michael Chang|40|1959|76|7.8|183|18.8|259|26.7|38.1|4.20|39.5|1.68
Yevgeny Kafelnikov|38|1960|51|5.6|240|26.2|291|31.8|34.1|3.74|35.9|1.52
Gustavo Kuerten|42|1943|54|9.8|131|23.8|185|33.6|36.1|3.87|37.8|1.63
Goran Ivanisevic|39|1961|94|10.1|210|22.6|304|32.7|31.2|3.34|33.0|1.4
David Ferrer|35|1971|83|7.5|214|19.3|297|26.8|40.5|4.38|41.1|1.73
Thomas Muster|52|1919|88|9.9|170|19.0|258|28.9|34.8|3.82|36.1|1.5
Juan Martin Del Potro|28|2009|126|20.6|64|10.5|190|31.0|44.1|4.64|45.1|1.9
Michael Stich|36|1973|58|10.3|115|20.5|173|30.8|33.4|3.62|35.4|1.55
Marat Safin|39|1951|93|13.5|160|23.3|253|36.8|38.0|4.07|40.4|1.8
Juan Carlos Ferrero|39|1948|104|14.0|165|22.3|269|36.3|40.8|4.38|42.3|1.82
Carlos Moya|42|1936|102|11.4|209|23.4|311|34.8|37.1|4.05|39.3|1.68
Patrick Rafter|38|1964|63|11.5|98|17.9|161|29.4|35.1|3.79|36.7|1.6
Yannick Noah|47|1948|65|9.7|117|17.5|182|27.2|40.5|4.31|40.7|1.57
Tomas Berdych|31|1995|85|8.7|190|19.4|275|28.1|39.8|4.20|40.2|1.7
Marcelo Rios|52|1927|69|11.9|132|22.8|201|34.7|34.1|3.72|35.5|1.43
Nikolay Davydenko|38|1952|83|10.2|187|23.1|270|33.3|41.3|4.44|42.2|1.73
Richard Krajicek|37|1964|90|14.3|138|21.9|228|36.2|33.4|3.59|35.5|1.52
Harold Solomon|47|1957|55|6.8|151|18.6|206|25.3|44.0|4.53|38.5|1.28
Sergi Bruguera|44|1938|81|11.3|157|21.9|238|33.2|35.4|3.86|35.7|1.47
Jo Wilfried Tsonga|32|1990|81|11.5|121|17.2|202|28.7|38.6|4.03|40.0|1.73
Kei Nishikori|33|1987|81|12.6|96|15.0|177|27.6|40.3|4.34|41.4|1.78
David Nalbandian|35|1963|95|16.5|106|18.4|201|35.0|40.8|4.41|42.1|1.83
Alex Corretja|44|1936|82|11.4|175|24.3|257|35.7|40.1|4.39|41.8|1.77
Johan Kriek|51|1937|58|9.9|114|19.6|172|29.5|33.8|3.80|37.1|1.4
Tommy Haas|37|1958|165|18.2|151|16.7|316|34.9|37.5|3.98|38.6|1.63
Thomas Enqvist|39|1956|110|14.8|156|21.0|266|35.8|34.9|3.79|36.4|1.53
Andres Gomez|57|1916|65|8.6|144|19.0|209|27.5|36.4|4.02|39.0|1.62
Petr Korda|38|1960|99|15.1|133|20.2|232|35.3|33.8|3.75|36.0|1.53
Milos Raonic|35|1984|49|9.0|102|18.8|151|27.8|38.9|4.00|40.7|1.73
Tim Henman|40|1948|81|10.6|171|22.3|252|32.9|38.2|4.13|39.9|1.75
Guillermo Coria|44|1934|35|10.5|66|19.9|101|30.4|41.2|4.48|41.9|1.77
Brad Gilbert|52|1930|62|7.9|163|20.7|225|28.5|38.7|4.21|39.8|1.73
Todd Martin|36|1963|117|18.2|89|13.8|206|32.0|34.2|3.75|36.8|1.63
Tim Mayotte|51|1942|73|13.9|111|21.2|184|35.1|37.7|4.09|40.6|1.77
Albert Costa|44|1936|86|13.1|172|26.1|258|39.2|38.3|4.14|39.8|1.65
Andrei Medvedev|41|1938|85|15.9|101|18.9|186|34.9|32.6|3.61|34.2|1.5
Wayne Ferreira|43|1944|105|12.5|182|21.7|287|34.2|33.6|3.68|35.7|1.57
Greg Rusedski|41|1950|131|18.1|115|15.9|246|34.1|34.1|3.63|36.4|1.55
Robin Soderling|32|1981|86|17.9|74|15.4|160|33.3|38.3|4.02|38.9|1.63
Fernando Gonzalez|41|1941|69|12.1|108|18.9|177|31.0|38.5|4.05|39.7|1.73
Ivan Ljubicic|38|1946|117|16.2|148|20.5|265|36.7|40.8|4.32|43.1|1.83
Pat Cash|51|1937|79|21.6|52|14.2|131|35.8|40.0|4.37|42.1|1.87
Guy Forget|44|1945|108|16.7|133|20.5|241|37.2|35.5|3.82|37.7|1.65
Mark Philippoussis|39|1951|113|21.9|97|18.8|210|40.6|34.7|3.73|37.1|1.65
Henri Leconte|44|1948|108|17.1|106|16.8|214|33.9|34.4|3.78|36.4|1.6
Cedric Pioline|40|1953|100|14.2|162|23.0|262|37.2|37.0|4.04|39.2|1.7
Sebastien Grosjean|40|1947|62|10.6|114|19.4|176|30.0|39.4|4.25|40.8|1.78
Anders Jarryd|51|1933|89|14.0|94|14.8|183|28.7|37.1|3.96|37.2|1.5
Magnus Norman|45|1930|66|15.7|85|20.2|151|36.0|38.5|4.19|40.4|1.67
Emilio Sanchez|52|1912|74|10.3|168|23.4|242|33.7|39.4|4.29|41.4|1.68
Tommy Robredo|44|1934|81|9.1|192|21.6|273|30.7|39.1|4.18|39.8|1.7
Marc Rosset|47|1930|114|14.6|195|24.9|309|39.5|35.9|3.87|37.8|1.55
Jonas Bjorkman|43|1937|131|16.9|146|18.9|277|35.8|35.4|3.90|36.7|1.57
James Blake|42|1939|101|16.3|114|18.4|215|34.7|35.8|3.85|37.1|1.58
Gaston Gaudio|44|1924|57|12.2|109|23.4|166|35.6|40.8|4.44|41.7|1.78
Andrei Chesnokov|50|1920|89|14.8|136|22.7|225|37.5|37.1|4.11|38.7|1.6
Mikhail Youzhny|41|1944|149|16.3|197|21.6|346|37.9|40.3|4.34|41.5|1.77
Aaron Krickstein|49|1933|79|12.4|136|21.4|215|33.8|32.4|3.62|34.5|1.48
Kevin Anderson|39|1957|83|13.7|102|16.9|185|30.6|39.5|4.13|41.9|1.82
Alberto Berasategui|54|1908|51|10.7|119|24.9|170|35.6|33.5|3.70|34.8|1.4
Magnus Gustafsson|47|1931|112|16.6|122|18.1|234|34.7|36.0|3.96|37.2|1.57
Nicolas Kiefer|36|1957|135|21.3|106|16.7|241|38.0|40.7|4.34|41.4|1.72
Thomas Johansson|42|1943|102|15.7|125|19.3|227|35.0|37.3|4.00|39.0|1.65
Kevin Curren|46|1944|73|12.9|111|19.6|184|32.5|39.8|4.28|41.4|1.78
Felix Mantilla|49|1916|86|16.2|119|22.4|205|38.6|39.0|4.22|40.0|1.65
Vijay Amritraj|63|1912|104|16.6|119|19.0|223|35.7|38.4|4.06|36.5|1.22
Magnus Larsson|40|1947|119|22.5|75|14.2|194|36.7|32.0|3.46|33.5|1.45
Guillermo Canas|47|1922|81|18.1|80|17.9|161|36.0|41.8|4.52|43.3|1.83
Nicolas Almagro|42|1943|87|12.9|125|18.5|212|31.4|38.9|4.14|40.8|1.7
Feliciano Lopez|40|1947|161|16.3|229|23.2|390|39.4|37.5|3.93|39.5|1.7
Mardy Fish|41|1943|103|19.8|90|17.3|193|37.2|39.8|4.20|40.8|1.73
Ivo Karlovic|47|1928|137|19.1|154|21.5|291|40.6|36.2|3.70|39.7|1.7
Karel Novacek|54|1912|62|11.4|132|24.3|194|35.7|35.1|3.83|36.6|1.55
Martin Jaite|55|1909|56|11.7|93|19.5|149|31.2|43.2|4.74|45.4|1.8
Jiri Novak|43|1934|92|15.4|133|22.3|225|37.8|34.5|3.73|35.3|1.5
Radek Stepanek|38|1957|128|18.7|118|17.2|246|35.9|39.8|4.25|40.9|1.73
Rainer Schuettler|49|1920|106|16.0|157|23.6|263|39.6|39.5|4.25|40.5|1.68
Dominik Hrbaty|44|1924|82|12.1|166|24.5|248|36.6|36.1|3.90|37.4|1.58
Guillermo Perez Roldan|68|1878|32|8.5|83|22.1|115|30.6|41.9|4.64|43.5|1.63
Sjeng Schalken|45|1925|85|15.2|121|21.6|206|36.9|37.6|4.07|39.0|1.65
Karol Kucera|42|1939|108|20.1|102|19.0|210|39.2|36.7|4.03|38.1|1.58
Malivai Washington|49|1926|59|13.6|88|20.3|147|33.9|35.0|3.82|36.5|1.53
Alberto Mancini|56|1901|39|14.3|63|23.1|102|37.4|39.3|4.28|40.7|1.7
Mikael Pernfors|47|1937|37|14.7|53|21.0|90|35.7|36.0|3.90|36.6|1.45
Jimmy Arias|55|1914|79|16.1|92|18.7|171|34.8|39.6|4.33|40.8|1.67
Juan Monaco|42|1933|115|18.8|108|17.6|223|36.4|42.2|4.57|43.6|1.77
Jonas Svensson|46|1926|59|12.8|99|21.4|158|34.2|37.1|4.10|38.6|1.65
Nicolas Lapentti|53|1909|93|15.1|119|19.3|212|34.4|41.3|4.49|43.2|1.85
Marcos Baghdatis|44|1937|118|19.0|102|16.4|220|35.4|38.9|4.16|40.7|1.73
David Wheaton|46|1939|89|21.1|66|15.7|155|36.8|35.4|3.92|37.9|1.67
Nicolas Massu|53|1896|74|14.9|93|18.8|167|33.7|45.7|4.93|47.4|1.93
Juan Ignacio Chela|46|1920|92|15.3|127|21.1|219|36.3|41.1|4.44|42.0|1.78
Amos Mansdorf|53|1915|73|13.7|109|20.5|182|34.3|33.8|3.69|35.6|1.47
Jakob Hlasek|49|1933|103|13.5|144|18.9|247|32.5|33.3|3.62|35.3|1.48
Jaime Yzaga|60|1894|75|15.4|110|22.6|185|38.1|34.3|3.82|36.7|1.58
Carlos Costa|56|1905|68|14.9|105|23.0|173|37.9|35.8|3.94|37.4|1.53
Janko Tipsarevic|48|1923|79|14.5|103|18.9|182|33.5|42.4|4.53|44.4|1.87
Nicolas Escude|35|1954|82|27.2|50|16.6|132|43.9|37.4|4.07|39.1|1.67
Juan Aguilera|65|1894|67|25.3|54|20.4|121|45.7|44.5|4.59|40.7|1.53
Andrei Pavel|49|1920|105|19.3|108|19.9|213|39.2|37.1|4.02|38.6|1.6
Ramesh Krishnan|60|1907|98|16.6|103|17.5|201|34.1|39.8|4.32|40.3|1.63
Fabrice Santoro|41|1939|188|20.6|174|19.1|362|39.7|39.1|4.30|40.6|1.7
Jurgen Melzer|46|1923|112|16.4|142|20.8|254|37.1|38.1|4.09|39.5|1.68
Younes El Aynaoui|54|1902|70|14.3|117|23.9|187|38.2|37.4|4.02|39.6|1.67
Arnaud Clement|41|1936|140|21.8|111|17.3|251|39.0|41.1|4.44|42.6|1.83
Mario Ancic|41|1931|65|19.0|52|15.2|117|34.2|41.2|4.34|42.5|1.82
Francisco Clavet|49|1913|99|13.6|135|18.6|234|32.2|38.6|4.25|40.0|1.65
Horst Skoff|58|1898|59|13.7|110|25.6|169|39.3|41.5|4.54|42.5|1.6
Alexander Volkov|48|1931|66|11.8|117|21.0|183|32.9|32.9|3.62|34.7|1.52
Jay Berger|56|1911|24|10.9|44|20.0|68|30.9|43.5|4.97|42.8|1.85
Wally Masur|57|1911|95|15.7|94|15.5|189|31.1|34.7|3.74|36.8|1.6
Philipp Kohlschreiber|38|1951|130|15.0|150|17.4|280|32.4|38.9|4.12|40.0|1.67
Jordi Arrese|59|1890|72|16.7|97|22.5|169|39.1|42.5|4.66|44.5|1.82
Tim Wilkison|64|1903|86|15.2|88|15.6|174|30.8|43.1|5.24|44.5|1.48
Paradorn Srichaphan|57|1898|53|12.1|95|21.7|148|33.9|37.7|3.99|38.5|1.6
Jason Stoltenberg|52|1920|124|21.8|103|18.1|227|39.9|33.8|3.71|35.2|1.5
Mark Woodforde|47|1939|140|22.2|119|18.9|259|41.0|35.6|3.96|38.0|1.6
Alexandr Dolgopolov|38|1960|69|16.4|94|22.4|163|38.8|35.0|3.71|35.9|1.5
Scott Davis|50|1931|86|21.4|90|22.4|176|43.9|36.9|4.08|39.7|1.68
Max Mirnyi|45|1927|98|20.2|97|20.0|195|40.3|37.7|3.96|39.6|1.65
Chris Woodruff|45|1931|47|22.1|35|16.4|82|38.5|36.8|4.02|38.9|1.68
John Fitzgerald|69|1895|94|20.9|76|16.9|170|37.8|31.3|3.46|32.6|1.33
Martin Klizan|51|1912|54|18.1|63|21.1|117|39.1|39.3|4.23|40.7|1.73
Michael Llodra|40|1943|101|24.8|58|14.2|159|39.0|37.1|3.91|38.3|1.57
Thierry Tulasne|58|1906|78|17.6|84|19.0|162|36.7|42.2|5.00|45.0|1.5
Jan Siemerink|46|1933|109|20.0|141|25.9|250|46.0|34.8|3.78|37.1|1.58
Arnaud Boetsch|43|1940|81|18.8|100|23.1|181|41.9|35.3|3.88|37.2|1.52
Mariano Puerta|51|1903|51|20.7|47|19.1|98|39.8|38.6|4.08|38.5|1.55
Mariano Zabaleta|44|1918|100|24.1|84|20.2|184|44.3|39.8|4.34|41.9|1.73
Slobodan Zivojinovic|59|1905|44|15.4|51|17.9|95|33.3|38.4|4.07|40.4|1.72
Todd Woodbridge|51|1923|90|18.8|84|17.6|174|36.4|34.7|3.87|37.0|1.58
Goran Prpic|47|1929|50|20.4|49|20.0|99|40.4|39.7|4.34|41.0|1.73
Dmitry Tursunov|46|1923|83|18.6|85|19.1|168|37.7|38.8|4.14|40.5|1.77
Luiz Mattar|71|1874|53|14.5|79|21.6|132|36.2|40.1|4.34|41.2|1.68
Albert Montanes|51|1901|90|16.6|102|18.8|192|35.4|39.0|4.15|39.2|1.58
Javier Sanchez|53|1904|85|12.9|147|22.3|232|35.2|35.7|3.90|37.3|1.53
Carl Uwe Steeb|44|1939|85|20.1|76|18.0|161|38.1|36.4|3.97|37.7|1.53
Jan Michael Gambill|46|1927|69|17.4|75|18.9|144|36.3|37.4|4.02|39.5|1.62
Robby Ginepri|44|1926|83|21.2|68|17.3|151|38.5|36.3|3.85|37.0|1.58
Agustin Calleri|48|1911|80|20.3|81|20.5|161|40.8|39.4|4.23|41.0|1.7
Andrei Cherkasov|44|1938|58|14.3|75|18.5|133|32.8|40.9|4.56|43.8|1.82
Florian Mayer|42|1939|92|18.3|109|21.6|201|39.9|36.5|3.87|36.7|1.48
Hicham Arazi|44|1933|84|18.8|95|21.3|179|40.1|36.5|3.95|37.4|1.6
Marcelo Filippini|72|1872|90|18.4|109|22.3|199|40.7|40.0|4.42|41.5|1.65
Bernard Tomic|43|1938|64|17.4|61|16.6|125|34.1|33.3|3.55|35.2|1.52
Jacco Eltingh|54|1914|49|17.9|57|20.8|106|38.7|33.0|3.57|35.1|1.48
Marcel Granollers|46|1926|80|17.7|97|21.5|177|39.2|41.9|4.44|42.2|1.75
Paul Henri Mathieu|42|1935|115|19.8|100|17.2|215|37.0|41.6|4.45|43.1|1.78
Richard Fromberg|55|1904|112|20.6|101|18.6|213|39.2|35.8|3.93|38.3|1.65
Taylor Dent|46|1918|68|23.5|42|14.5|110|38.1|35.4|3.76|36.5|1.52
Fernando Meligeni|53|1902|89|21.2|73|17.4|162|38.7|36.2|3.93|37.3|1.55
Franco Squillari|54|1901|60|18.8|67|21.0|127|39.8|37.6|4.14|39.2|1.6
Igor Andreev|45|1918|89|19.1|95|20.3|184|39.4|40.7|4.34|42.2|1.8
Joachim Johansson|46|1919|32|25.0|27|21.1|59|46.1|36.4|3.77|38.7|1.57
Jose Acasuso|49|1906|76|20.2|77|20.5|153|40.7|40.7|4.33|41.5|1.65
Paul Annacone|53|1922|47|16.4|50|17.5|97|33.9|37.5|4.08|39.9|1.78
Peter Lundgren|57|1908|55|21.7|59|23.3|114|45.1|35.3|3.82|36.7|1.52
Richey Reneberg|47|1936|108|19.0|96|16.9|204|35.9|33.9|3.73|35.5|1.48
Viktor Troicki|40|1949|93|16.4|106|18.7|199|35.1|37.8|4.04|38.9|1.62
Bernd Karbacher|47|1931|67|22.6|59|19.9|126|42.6|34.7|3.86|36.9|1.57
Byron Black|58|1904|87|17.2|82|16.2|169|33.4|32.8|3.63|34.1|1.4
David Pate|57|1906|60|17.6|75|22.0|135|39.6|36.2|3.93|36.5|1.55
Martin Verkerk|56|1900|23|17.8|30|23.3|53|41.1|38.2|3.96|39.8|1.7
Paul Haarhuis|45|1936|99|18.9|129|24.6|228|43.4|35.3|3.84|36.7|1.55
Vincent Spadea|49|1921|112|16.7|128|19.1|240|35.8|36.5|3.99|38.2|1.58
Albert Portas|53|1892|60|17.7|71|20.9|131|38.6|36.5|3.98|37.5|1.53
Guillermo Garcia Lopez|47|1916|125|19.2|125|19.2|250|38.4|40.5|4.40|42.2|1.78
Thomaz Bellucci|48|1914|62|14.9|81|19.4|143|34.3|39.5|4.24|41.2|1.78
Andrea Gaudenzi|49|1919|85|18.9|88|19.6|173|38.4|37.0|4.08|38.3|1.57
Bohdan Ulihrach|41|1940|96|20.2|92|19.3|188|39.5|34.3|3.75|35.4|1.45
Kenneth Carlsen|65|1886|110|20.0|93|16.9|203|36.9|37.2|4.00|39.2|1.65
Ronald Agenor|57|1901|72|14.9|96|19.9|168|34.9|37.4|4.09|39.2|1.63
Slava Dosedel|49|1907|77|19.8|58|14.9|135|34.8|36.3|4.03|38.4|1.58
Xavier Malisse|46|1929|127|22.4|100|17.6|227|40.0|38.1|4.04|39.0|1.63
Darren Cahill|53|1914|54|21.3|41|16.1|95|37.4|30.3|3.28|31.8|1.4
Filip Dewulf|55|1912|45|20.5|42|19.2|87|39.7|33.0|3.60|34.4|1.45
Jarkko Nieminen|50|1913|109|14.4|149|19.7|258|34.2|37.2|4.00|38.5|1.63
Leonardo Mayer|46|1917|80|21.3|70|18.6|150|39.9|40.4|4.27|42.0|1.82
Renzo Furlan|53|1906|80|17.3|93|20.1|173|37.4|38.5|4.21|39.8|1.65
Roberto Carretero|53|1895|20|29.4|11|16.2|31|45.6|37.6|4.10|39.1|1.58
Horacio De La Pena|66|1878|69|18.7|71|19.2|140|37.9|42.6|4.66|42.4|1.67
Nicolas Mahut|46|1924|104|25.6|59|14.5|163|40.1|38.4|4.02|40.3|1.7
Sergiy Stakhovsky|56|1899|76|19.8|57|14.9|133|34.7|36.7|3.91|38.4|1.63
Fernando Vicente|49|1905|68|18.4|71|19.2|139|37.6|37.5|4.08|38.4|1.63
Franco Davin|71|1877|56|18.3|60|19.6|116|37.9|38.7|4.27|39.8|1.62
Kelly Evernden|81|1865|50|18.3|61|22.3|111|40.7|41.9|4.45|42.9|1.73
Nicklas Kulti|50|1922|81|24.3|42|12.6|123|36.8|36.0|3.95|37.8|1.63
Paolo Cane|57|1900|58|22.2|29|11.1|87|33.3|40.5|4.40|41.9|1.68
Stefan Koubek|52|1905|101|21.7|86|18.5|187|40.2|36.6|3.94|37.3|1.57
Dan Goldie|57|1903|39|16.4|41|17.2|80|33.6|38.1|4.29|42.2|1.8
Davide Sanguinetti|57|1896|63|15.3|88|21.3|151|36.6|35.8|3.91|37.7|1.6
Gilles Muller|51|1917|80|18.2|67|15.2|147|33.4|37.8|3.93|39.9|1.7
Karim Alami|64|1884|66|19.2|77|22.4|143|41.7|36.1|3.95|37.7|1.53
Kyle Edmund|42|1947|33|14.0|47|19.9|80|33.9|40.3|4.26|41.6|1.78
Derrick Rostagno|55|1913|74|19.9|82|22.0|156|41.9|35.3|3.89|37.6|1.6
Jan Gunnarsson|55|1912|72|18.9|57|15.0|129|33.9|36.8|3.89|35.4|1.42
Patrick McEnroe|50|1923|71|23.7|31|10.3|102|34.0|34.5|3.91|37.3|1.58
Jerzy Janowicz|48|1926|33|16.9|35|17.9|68|34.9|34.5|3.63|36.2|1.65
Julien Benneteau|40|1941|131|23.0|104|18.3|235|41.3|41.0|4.38|41.9|1.8
Alberto Martin|50|1909|96|19.7|88|18.1|184|37.8|39.8|4.30|40.3|1.62
David Prinosil|45|1931|90|23.1|68|17.4|158|40.5|33.0|3.62|34.5|1.45
Javier Frana|72|1873|67|20.9|57|17.8|124|38.6|32.8|3.56|34.8|1.5
Mike Bauer|88|1867|20|15.0|27|20.3|47|35.3|35.8|3.83|30.7|1.53
Pedro Rebolledo|94|1843|54|25.7|33|15.7|87|41.4|39.9|4.52|39.6|1.55
Victor Estrella|119|1814|26|17.4|22|14.8|48|32.2|35.2|3.71|35.6|1.47
Christo Van Rensburg|59|1903|55|16.9|55|16.9|110|33.7|39.9|4.38|42.1|1.8
Filippo Volandri|57|1890|56|14.0|89|22.2|145|36.2|39.3|4.27|39.3|1.53
Jerome Golmard|45|1919|67|23.3|39|13.6|106|36.9|37.4|3.99|38.4|1.53
Jim Grabb|57|1906|90|23.9|61|16.2|151|40.2|38.9|4.19|40.7|1.72
Marc Kevin Goellner|47|1922|85|24.1|71|20.1|156|44.2|31.6|3.42|33.7|1.4
Omar Camporese|54|1903|54|17.7|54|17.7|108|35.4|39.5|4.26|40.8|1.72
Steve Darcis|53|1908|60|23.8|32|12.7|92|36.5|38.2|4.06|39.3|1.65
Andreas Vinciguerra|50|1906|46|24.2|28|14.7|74|38.9|36.8|3.99|37.8|1.53
Galo Blanco|56|1892|70|23.6|43|14.5|113|38.2|37.6|4.10|39.3|1.57
Gilbert Schaller|65|1880|31|12.6|76|30.8|107|43.3|38.6|4.28|40.6|1.63
Guido Pella|47|1920|46|18.0|51|19.9|97|37.9|41.1|4.44|43.5|1.93
Jeremy Chardy|39|1947|126|21.0|101|16.8|227|37.8|38.2|4.07|40.2|1.7
Mikael Tillstrom|49|1922|62|27.7|36|16.1|98|43.8|31.5|3.51|33.6|1.52
Christian Bergstrom|51|1916|70|21.7|52|16.1|122|37.8|35.2|3.92|37.2|1.55
Michiel Schapers|66|1885|63|18.2|61|17.6|124|35.7|38.4|4.09|39.8|1.75
Andrei Olhovskiy|62|1891|73|26.0|47|16.7|120|42.7|30.7|3.39|33.2|1.4
Andrew Ilie|55|1902|36|17.6|40|19.5|76|37.1|34.2|3.74|35.7|1.57
Bryan Shelton|69|1886|51|21.3|39|16.3|90|37.5|34.6|3.78|37.6|1.62
Carlos Berlocq|52|1901|63|19.3|58|17.8|121|37.1|44.9|4.86|45.9|1.88
Christian Saceanu|78|1870|31|17.2|29|16.1|60|33.3|35.1|3.74|36.8|1.65
David Sanchez|53|1895|32|15.7|41|20.1|73|35.8|39.7|4.36|40.6|1.65
Denis Istomin|53|1912|89|18.0|81|16.4|170|34.4|37.6|4.00|39.3|1.65
Florent Serra|44|1924|64|21.8|51|17.4|115|39.2|37.7|4.09|39.6|1.68
Francesco Cancellotti|80|1859|42|19.0|38|17.2|80|36.2|38.8|4.06|36.1|1.35
Jaime Oncins|73|1869|33|19.5|32|18.9|65|38.5|40.4|4.49|42.2|1.77
Jan Kroslak|62|1886|39|22.7|26|15.1|65|37.8|33.2|3.72|35.2|1.47
Jeff Tarango|55|1910|112|21.1|93|17.5|205|38.5|35.2|3.90|37.2|1.57
Jonathan Stark|50|1916|65|22.7|41|14.3|106|37.1|34.8|3.76|36.9|1.52
Julian Alonso|62|1882|24|20.7|27|23.3|51|44.0|34.4|3.76|35.5|1.43
Kelly Jones|64|1891|32|24.4|17|13.0|49|37.4|29.3|3.22|28.3|1.13
Luis Horna|65|1875|55|19.5|53|18.8|108|38.3|39.9|4.23|41.6|1.63
Marian Vajda|60|1889|55|20.3|53|19.6|108|39.9|39.2|4.30|40.1|1.77
Martin Sinner|61|1884|32|25.0|21|16.4|53|41.4|33.1|3.58|34.7|1.38
Nicolas Pereira|80|1860|36|17.2|37|17.7|73|34.9|31.9|3.48|34.1|1.42
Olivier Rochus|43|1930|94|18.3|83|16.2|177|34.5|40.0|4.33|41.2|1.75
Patrick Baur|81|1848|39|22.4|25|14.4|64|36.8|39.8|4.36|42.5|1.72
Rajeev Ram|69|1865|35|23.3|19|12.7|54|36.0|34.6|3.61|35.7|1.5
Simon Youl|78|1861|56|24.6|35|15.4|91|39.9|34.8|3.80|37.2|1.55
Stefano Pescosolido|52|1916|59|22.0|42|15.7|101|37.7|36.7|4.03|38.8|1.62
Tomas Carbonell|56|1896|89|21.4|66|15.9|155|37.3|35.3|3.89|36.3|1.52
Yahiya Doumbia|148|1792|17|25.0|9|13.2|26|38.2|39.9|4.35|42.1|1.6
Adrian Voinea|51|1903|66|21.2|49|15.7|115|36.9|33.8|3.69|35.4|1.48
Alex Obrien|55|1912|48|21.0|34|14.8|82|35.8|35.6|3.88|37.8|1.63
Andrey Golubev|48|1924|31|17.0|33|18.1|64|35.2|39.5|4.21|40.1|1.63
Arnaud Di Pasquale|47|1917|44|26.3|22|13.2|66|39.5|36.9|4.03|38.1|1.62
Diego Perez|72|1873|92|20.5|67|15.0|159|35.5|40.4|4.55|41.8|1.83
Horacio Zeballos|59|1887|37|16.5|49|21.9|86|38.4|40.7|4.27|42.5|1.75
Jonathan Canter|69|1888|28|18.1|27|17.4|55|35.5|30.5|3.43|34.0|1.48
Leander Paes|101|1840|51|26.6|15|7.8|66|34.4|35.3|3.83|36.6|1.48
Milan Srejber|50|1921|55|21.4|56|21.8|111|43.2|34.8|3.61|34.1|1.27
Mischa Zverev|47|1922|72|21.7|58|17.5|130|39.2|36.7|3.94|38.1|1.55
Pablo Arraya|83|1865|68|20.2|64|19.0|132|39.3|42.9|4.69|44.9|1.9
Philipp Petzschner|44|1931|55|28.2|22|11.3|77|39.5|38.6|4.10|39.7|1.72
Scott Draper|45|1933|64|27.1|25|10.6|89|37.7|32.1|3.49|34.4|1.52
Sergio Casal|63|1887|56|22.3|43|17.1|99|39.4|38.8|4.14|42.2|1.93
Shuzo Matsuoka|72|1882|73|23.9|39|12.7|112|36.6|38.3|4.12|40.6|1.73
Thomas Hogstedt|67|1888|46|21.1|40|18.3|86|39.4|41.7|4.42|41.3|1.58
Ulf Stenlund|61|1881|13|13.5|21|21.9|34|35.4|43.6|4.54|36.9|1.22
Victor Hanescu|50|1911|71|16.0|79|17.8|150|33.8|39.6|4.23|41.3|1.72
Wesley Moodie|69|1869|31|24.2|21|16.4|52|40.6|37.8|3.95|40.0|1.65
Alexander Popp|66|1875|28|25.5|15|13.6|43|39.1|35.6|3.76|35.7|1.62
Bart Wuyts|93|1838|15|13.4|21|18.8|36|32.1|41.3|4.63|42.6|1.68
Christophe Rochus|56|1889|56|16.6|70|20.8|126|37.4|36.6|3.98|36.8|1.48
Cristiano Caratti|59|1901|42|22.2|35|18.5|77|40.7|35.6|3.91|37.0|1.57
Harel Levy|63|1877|32|19.9|19|11.8|51|31.7|35.4|3.79|35.7|1.43
Henrik Holm|52|1919|42|20.4|49|23.8|91|44.2|34.2|3.80|37.0|1.6
Hyeon Chung|45|1933|34|23.0|18|12.2|52|35.1|40.0|4.26|40.3|1.7
Patrik Kuhnen|60|1902|62|22.3|43|15.5|105|37.8|35.9|3.88|37.5|1.6
Thierry Champion|53|1911|54|20.3|41|15.4|95|35.7|38.5|4.19|39.7|1.72
Vladimir Voltchkov|59|1886|37|23.0|30|18.6|67|41.6|37.4|4.02|38.5|1.67
Alex Antonitsch|66|1890|43|17.3|38|15.3|81|32.5|33.8|3.72|35.4|1.42
Alex Calatrava|64|1878|24|13.6|33|18.8|57|32.4|40.0|4.16|40.0|1.68
Antony Dupuis|61|1882|51|23.9|41|19.2|92|43.2|38.4|4.10|40.7|1.68
Benjamin Becker|50|1912|68|18.2|76|20.4|144|38.6|36.4|3.81|37.4|1.52
Carsten Arriens|58|1887|21|32.8|2|3.1|23|35.9|37.4|4.09|38.9|1.52
Christian Miniussi|72|1857|39|28.1|22|15.8|61|43.9|40.6|4.49|43.6|1.82
Chuck Adams|60|1902|41|23.3|22|12.5|63|35.8|35.6|3.87|37.6|1.53
Claudio Mezzadri|75|1863|55|21.8|39|15.5|94|37.3|42.5|4.62|44.2|1.8
Claudio Pistolesi|68|1878|42|22.3|20|10.6|62|33.0|42.7|4.64|42.5|1.85
Daniele Bracciali|50|1906|23|25.6|15|16.7|38|42.2|38.1|4.07|39.7|1.72
Dimitri Poliakov|88|1847|21|25.9|9|11.1|30|37.0|33.3|3.71|34.5|1.43
Eric Jelen|54|1915|49|18.1|44|16.2|93|34.3|36.1|4.01|37.8|1.5
Frederic Fontang|62|1877|17|19.3|18|20.5|35|39.8|39.5|4.51|42.0|1.65
Gabriel Markus|59|1891|29|22.1|20|15.3|49|37.4|39.9|4.39|42.3|1.8
Gianluca Pozzi|57|1901|86|19.9|82|18.9|168|38.8|37.1|4.05|38.2|1.62
Guillaume Raoux|51|1913|83|20.6|52|12.9|135|33.5|34.9|3.79|36.7|1.52
Hernan Gumy|56|1892|55|22.6|42|17.3|97|39.9|39.2|4.24|40.3|1.68
Hyung Taik Lee|60|1886|65|20.1|47|14.5|112|34.6|37.8|4.05|38.9|1.67
Igor Kunitsyn|58|1899|42|17.4|47|19.5|89|36.9|40.4|4.37|41.4|1.68
Ivan Dodig|41|1941|56|21.7|40|15.5|96|37.2|41.5|4.43|42.9|1.8
Jan Vacek|58|1894|15|16.9|11|12.4|26|29.2|36.4|3.91|37.2|1.6
Jared Palmer|55|1916|41|27.7|18|12.2|59|39.9|30.8|3.43|33.4|1.48
Jeremy Bates|74|1869|72|22.6|68|21.4|140|44.0|33.2|3.64|35.0|1.43
Jerome Haehnel|51|1917|7|26.9|2|7.7|9|34.6|36.6|3.86|36.9|1.58
Jim Pugh|58|1908|25|14.0|34|19.0|59|33.0|39.8|4.27|40.6|2.02
Jordi Burillo|55|1895|53|24.0|37|16.7|90|40.7|33.3|3.62|34.1|1.38
Jose Francisco Altur|92|1837|15|15.6|21|21.9|36|37.5|36.9|3.96|37.8|1.53
Juan Antonio Marin|77|1852|41|20.5|37|18.5|78|39.0|38.9|4.28|40.3|1.55
Juan Balcells|54|1911|27|30.0|16|17.8|43|47.8|35.6|3.79|37.5|1.57
Julien Boutter|40|1946|43|29.7|20|13.8|63|43.4|37.9|4.04|40.0|1.7
Lars Burgsmuller|58|1881|51|21.2|31|12.9|82|34.0|38.9|4.23|40.1|1.67
Leonardo Lavalle|48|1919|53|26.8|17|8.6|70|35.4|37.0|4.10|40.1|1.63
Libor Pimek|63|1888|44|18.0|43|17.6|87|35.7|39.3|4.25|36.3|1.3
Mark Koevermans|75|1871|24|15.6|34|22.1|58|37.7|43.0|4.62|42.5|1.73
Markus Zoecke|50|1916|43|25.3|29|17.1|72|42.4|36.2|3.87|37.6|1.55
Mauricio Hadad|116|1818|25|22.9|7|6.4|32|29.4|32.2|3.57|33.8|1.4
Michal Tabara|59|1887|20|21.1|19|20.0|39|41.1|35.8|3.88|36.5|1.53
Nduka Odizor|101|1847|27|13.4|46|22.9|73|36.3|40.4|4.16|40.4|1.57
Neville Godwin|71|1866|24|26.1|14|15.2|38|41.3|35.1|3.85|37.5|1.67
Nicklas Kroon|50|1916|29|25.7|6|5.3|35|31.0|36.6|4.02|39.0|1.7
Paolo Lorenzi|55|1889|28|9.5|59|20.0|87|29.5|42.0|4.51|43.2|1.83
Peter Doohan|76|1866|19|15.4|26|21.1|45|36.6|38.1|3.69|38.4|1.6
Peter Wessels|56|1889|27|25.7|9|8.6|36|34.3|34.0|3.58|36.0|1.5
