name|Points Dominance|In-play Points Dominance|2nd Srv. In-play Pts. Dom.|Games Dominance|Break Points Ratio|Pts. to Matches Over-Perf.|Pts. to Sets Over-Perf.|Pts. to Gms. Over-Perf.|S. Pts. to S. Gms. Ov.-Perf.|R. Pts. to R. Gms. Ov.-Perf.|Pts. to TBs. Over-Perf.|Gms. to Matches Ov.-Perf.|Gms. to Sets Over-Perf.|Sets to Matches Ov.-Perf.|BPs Over-Performing|BPs Saved Over-Perf.|BPs Conv. Over-Perf.
Carlos Alcaraz Garfia|1.14|1.15|1.17|1.46|1.08|1.41|1.27|1.06|1.24|0.75|1.10|1.32|1.20|1.11|0.96|0.96|1.01
Rafael Nadal|1.30|1.34|1.33|2.34|1.33|1.53|1.42|1.10|1.27|0.79|1.12|1.39|1.29|1.07|0.97|0.98|1.06
Casper Ruud|1.09|1.10|1.10|1.39|1.07|1.25|1.16|1.05|1.26|0.63|0.99|1.19|1.11|1.08|0.97|0.95|1.09
Stefanos Tsitsipas|1.13|1.10|1.07|1.50|1.11|1.29|1.20|1.04|1.27|0.58|1.12|1.24|1.16|1.07|0.97|0.95|1.10
Novak Djokovic|1.29|1.30|1.29|2.28|1.28|1.53|1.40|1.09|1.28|0.76|1.20|1.41|1.29|1.09|0.96|0.97|1.05
Felix Auger Aliassime|1.08|1.06|1.03|1.21|1.04|1.18|1.13|1.02|1.25|0.56|1.20|1.17|1.11|1.05|0.97|0.96|1.03
Daniil Medvedev|1.16|1.14|1.18|1.62|1.15|1.32|1.26|1.05|1.26|0.67|1.11|1.26|1.20|1.05|0.97|0.95|1.08
Andrey Rublev|1.12|1.13|1.06|1.38|1.08|1.24|1.15|1.03|1.26|0.64|0.95|1.20|1.12|1.08|0.97|0.96|1.04
Taylor Harry Fritz|1.03|0.98|0.97|1.10|0.96|1.09|1.06|1.01|1.26|0.54|1.08|1.08|1.05|1.03|0.96|0.95|1.02
Hubert Hurkacz|1.04|0.98|0.98|1.18|1.05|1.12|1.09|1.02|1.27|0.53|0.95|1.09|1.06|1.02|0.99|0.98|1.05
Holger Vitus Nodskov Rune|1.06|1.09|1.15|1.15|1.06|1.13|1.11|1.02|1.24|0.61|1.06|1.11|1.08|1.02|1.00|0.93|1.13
Alexander Zverev|1.12|1.12|1.11|1.43|1.06|1.33|1.24|1.04|1.25|0.66|1.18|1.28|1.19|1.07|0.96|0.92|1.09
Pablo Carreno Busta|1.04|1.05|1.07|1.16|1.07|1.11|1.10|1.02|1.24|0.64|1.05|1.09|1.08|1.01|1.00|0.97|1.08
Cameron Norrie|1.04|1.07|1.04|1.18|1.12|1.15|1.10|1.03|1.25|0.64|0.91|1.12|1.07|1.05|1.03|0.98|1.11
Jannik Sinner|1.10|1.10|1.08|1.35|1.18|1.31|1.23|1.04|1.26|0.66|1.11|1.25|1.18|1.06|1.02|0.99|1.10
Matteo Berrettini|1.12|1.03|0.94|1.47|1.16|1.26|1.19|1.02|1.28|0.51|1.11|1.23|1.16|1.06|0.98|1.00|1.04
Marin Cilic|1.12|1.08|1.06|1.39|1.07|1.24|1.17|1.03|1.26|0.60|1.03|1.20|1.13|1.06|0.96|0.97|1.02
Denis Shapovalov|1.05|1.06|1.09|1.20|1.11|1.11|1.06|1.02|1.27|0.54|0.97|1.09|1.04|1.05|1.01|1.00|1.05
Frances Tiafoe|0.98|0.99|1.00|0.94|1.00|1.00|1.02|1.00|1.25|0.53|1.09|1.00|1.02|0.97|1.01|0.96|1.08
Karen Khachanov|1.05|1.02|1.03|1.16|1.09|1.11|1.08|1.01|1.26|0.57|0.97|1.10|1.06|1.03|1.01|0.97|1.09
Roberto Bautista Agut|1.11|1.16|1.16|1.36|1.09|1.20|1.15|1.04|1.25|0.67|0.98|1.16|1.11|1.04|0.98|0.96|1.05
Nick Kyrgios|1.07|1.00|1.05|1.45|1.18|1.27|1.21|1.03|1.28|0.50|1.16|1.24|1.17|1.05|1.01|0.96|1.18
Lorenzo Musetti|1.01|1.01|1.02|1.04|1.01|1.07|1.05|1.00|1.24|0.62|1.22|1.08|1.05|1.02|1.00|0.94|1.10
Alex De Minaur|1.05|1.07|1.08|1.13|1.07|1.13|1.09|1.01|1.24|0.63|1.08|1.11|1.08|1.03|1.00|0.97|1.07
Diego Sebastian Schwartzman|1.05|1.11|1.13|1.16|1.02|1.09|1.07|1.02|1.21|0.76|0.92|1.07|1.04|1.02|0.98|0.95|1.05
Borna Coric|1.03|1.03|1.04|1.09|1.02|1.07|1.04|1.00|1.25|0.56|1.07|1.07|1.03|1.03|0.99|0.96|1.07
Daniel Evans|1.01|1.04|1.02|1.04|1.09|0.98|0.99|1.00|1.24|0.62|1.02|0.98|0.99|0.99|1.03|0.99|1.10
Grigor Dimitrov|1.08|1.09|1.05|1.25|1.04|1.16|1.11|1.02|1.25|0.59|1.00|1.13|1.09|1.04|0.97|0.95|1.04
Miomir Kecmanovic|1.01|1.04|1.07|1.02|1.07|1.03|1.00|1.00|1.23|0.60|0.95|1.03|1.00|1.03|1.03|0.99|1.08
Francisco Cerundolo|1.02|1.05|1.08|1.07|1.11|0.96|0.92|0.99|1.24|0.67|0.90|0.97|0.93|1.04|1.04|1.05|1.01
Alejandro Davidovich Fokina|0.98|1.02|1.03|0.95|0.94|0.99|1.00|1.00|1.20|0.68|0.92|0.99|1.00|0.99|0.98|0.95|1.02
Tommy Paul|1.01|1.00|1.01|1.05|0.98|1.06|1.02|1.01|1.24|0.61|0.89|1.05|1.01|1.04|0.98|0.95|1.05
Sebastian Korda|1.05|1.03|1.04|1.26|1.13|1.17|1.14|1.04|1.26|0.67|0.93|1.13|1.10|1.02|1.02|1.00|1.07
Maxime Cressy|1.02|1.08|1.27|1.17|1.12|0.98|0.98|1.01|1.27|0.44|0.83|0.97|0.97|1.00|1.03|0.94|1.24
Botic Van De Zandschulp|1.02|1.03|0.99|1.07|1.08|1.11|1.05|1.01|1.24|0.61|1.27|1.10|1.04|1.05|1.02|1.00|1.05
Yoshihito Nishioka|0.95|1.00|1.11|0.86|0.95|0.94|0.93|0.97|1.21|0.62|1.16|0.97|0.96|1.01|1.01|0.97|1.05
Alexander Bublik|0.95|0.93|0.91|0.91|0.99|1.04|1.00|1.00|1.26|0.53|1.02|1.04|1.00|1.04|1.02|0.98|1.07
Reilly Opelka|0.96|0.82|0.91|1.02|0.99|1.04|1.05|1.01|1.28|0.36|1.01|1.03|1.04|0.99|1.00|0.97|1.10
Albert Ramos|0.98|1.00|1.03|0.97|1.03|0.95|0.95|1.00|1.24|0.61|0.82|0.96|0.95|1.00|1.02|0.98|1.08
Emil Ruusuvuori|1.05|1.08|1.08|1.04|0.95|1.00|0.98|0.99|1.22|0.64|1.13|1.01|0.98|1.03|0.95|0.92|1.02
John Isner|1.05|0.88|0.91|1.24|1.04|1.22|1.16|1.01|1.28|0.34|1.21|1.20|1.14|1.05|0.96|0.99|1.02
Jack Draper|1.06|1.06|1.04|1.22|1.17|1.10|1.17|1.02|1.26|0.61|1.18|1.07|1.14|0.94|1.03|1.05|1.00
Sebastian Baez|1.00|1.01|1.09|1.01|0.98|0.97|0.96|1.00|1.22|0.67|0.59|0.97|0.96|1.01|0.99|0.98|1.01
Arthur Rinderknech|0.98|0.91|0.87|1.07|1.12|1.03|0.97|1.00|1.28|0.50|0.90|1.03|0.97|1.06|1.05|1.00|1.14
Lorenzo Sonego|1.01|0.95|0.89|1.01|1.01|0.97|1.00|1.00|1.26|0.52|1.08|0.97|1.00|0.97|1.00|0.97|1.06
Adrian Mannarino|0.97|0.99|0.99|0.91|1.00|0.93|0.93|0.99|1.23|0.59|0.92|0.94|0.94|1.00|1.02|0.95|1.11
Brandon Nakashima|1.07|1.05|1.03|1.10|1.04|1.13|1.11|1.01|1.25|0.51|1.28|1.12|1.10|1.02|0.99|0.90|1.16
Jenson Brooksby|1.02|1.03|0.98|1.08|0.98|1.11|1.06|1.02|1.22|0.67|1.15|1.10|1.04|1.05|0.98|0.93|1.07
Andy Murray|1.18|1.16|1.14|1.68|1.14|1.43|1.30|1.07|1.26|0.74|1.15|1.34|1.22|1.09|0.96|0.96|1.04
Alex Molcan|1.02|1.04|1.12|1.03|1.00|1.10|1.03|1.00|1.23|0.63|1.16|1.10|1.03|1.06|0.99|0.99|1.00
Corentin Moutet|0.93|0.96|0.99|0.79|0.91|0.92|0.92|0.97|1.20|0.61|1.15|0.95|0.96|0.99|1.00|0.95|1.05
Gael Monfils|1.08|1.04|1.03|1.31|1.07|1.24|1.20|1.03|1.26|0.65|1.13|1.20|1.16|1.04|0.98|0.96|1.07
David Goffin|1.06|1.09|1.09|1.21|1.03|1.15|1.10|1.03|1.24|0.69|0.96|1.12|1.07|1.05|0.98|0.96|1.04
Filip Krajinovic|1.00|1.03|1.02|1.01|1.05|1.00|0.99|1.00|1.23|0.63|0.86|1.00|0.99|1.02|1.02|0.98|1.09
Fabio Fognini|0.97|1.01|1.02|0.96|1.00|1.07|1.03|1.00|1.21|0.68|1.11|1.07|1.03|1.03|1.01|0.96|1.09
Marc Andrea Huesler|0.99|0.92|0.96|0.98|1.08|0.92|0.97|0.99|1.26|0.49|1.00|0.92|0.98|0.95|1.04|0.94|1.22
Jaume Munar|0.97|0.97|0.93|0.87|0.89|0.83|0.89|0.98|1.22|0.60|1.00|0.85|0.91|0.93|0.97|0.98|0.94
Aslan Karatsev|1.00|1.05|1.06|1.02|0.97|0.96|1.00|1.01|1.24|0.61|0.83|0.95|1.00|0.95|0.98|0.99|0.99
Benjamin Bonzi|0.98|0.97|0.96|1.00|1.03|0.87|0.92|1.01|1.26|0.56|0.74|0.86|0.91|0.94|1.02|0.97|1.10
Marcos Giron|0.93|0.92|0.90|0.82|0.98|0.93|0.90|0.97|1.24|0.53|0.99|0.95|0.92|1.03|1.03|0.97|1.11
Pedro Martinez Portero|0.97|1.04|1.06|0.96|1.00|0.91|0.92|0.99|1.23|0.64|0.90|0.92|0.93|0.99|1.01|1.00|1.03
Mackenzie Mcdonald|0.97|0.97|0.99|0.90|1.00|0.90|0.97|0.99|1.24|0.57|1.08|0.91|0.98|0.92|1.02|0.96|1.10
Quentin Halys|0.90|0.89|0.86|0.72|0.96|0.42|0.72|0.98|1.25|0.46|0.67|0.43|0.73|0.59|1.06|1.02|1.03
Jeffrey John Wolf|0.93|0.98|0.90|0.88|0.95|0.97|0.99|0.99|1.23|0.60|1.10|0.97|1.00|0.98|1.01|0.92|1.15
Daniel Elahi Galan Riveros|0.97|0.94|0.92|0.98|1.01|1.01|1.02|1.00|1.23|0.63|1.24|1.01|1.02|0.98|1.01|0.94|1.15
Richard Gasquet|1.10|1.12|1.09|1.33|1.03|1.19|1.15|1.03|1.25|0.64|1.05|1.16|1.12|1.04|0.96|0.93|1.06
Mikael Ymer|0.98|1.02|1.03|0.98|0.97|0.98|0.96|1.00|1.20|0.71|0.59|0.98|0.96|1.02|0.99|0.95|1.07
Laslo Djere|0.97|0.97|1.01|0.92|0.96|0.96|0.93|0.99|1.24|0.57|0.82|0.96|0.94|1.03|1.00|0.97|1.03
Thiago Monteiro|0.96|0.96|0.95|0.87|1.06|0.84|0.89|0.99|1.24|0.52|0.96|0.85|0.90|0.94|1.06|0.97|1.17
Bernabe Zapata Miralles|0.88|0.90|0.92|0.73|1.04|0.75|0.80|0.98|1.15|0.67|0.64|0.76|0.81|0.94|1.09|0.99|1.20
Ilya Ivashka|1.03|1.02|1.00|1.10|0.99|1.05|1.04|1.01|1.25|0.61|1.06|1.04|1.03|1.01|0.98|0.96|1.03
Roberto Carballes Baena|0.96|0.99|1.01|0.89|1.04|0.88|0.91|0.98|1.21|0.64|1.03|0.90|0.93|0.97|1.04|0.96|1.16
Federico Coria|0.95|0.94|1.03|0.82|0.97|0.90|0.84|0.95|1.17|0.67|1.17|0.94|0.88|1.07|1.02|0.97|1.07
Oscar Otte|1.01|1.00|0.99|1.04|1.05|0.90|0.94|0.99|1.25|0.55|0.90|0.90|0.95|0.95|1.01|0.95|1.13
Kamil Majchrzak|0.98|1.01|1.02|0.92|0.96|0.83|0.89|0.97|1.24|0.55|0.86|0.86|0.92|0.94|0.99|0.97|1.03
Christopher Oconnell|0.93|0.90|0.88|0.78|0.93|0.62|0.83|0.97|1.26|0.45|1.12|0.64|0.86|0.75|1.03|1.01|0.98
Tomas Martin Etcheverry|0.83|0.83|0.85|0.49|0.75|0.43|0.58|0.91|1.18|0.43|0.92|0.47|0.63|0.74|1.00|0.95|0.97
Dusan Lajovic|0.96|0.95|0.98|0.90|0.98|0.87|0.91|0.99|1.24|0.57|0.84|0.88|0.92|0.95|1.01|0.96|1.08
Jiri Lehecka|0.85|0.84|0.91|0.66|0.94|0.65|0.78|0.96|1.24|0.49|0.93|0.67|0.81|0.83|1.07|1.02|1.07
Joao Sousa|0.96|0.97|0.91|0.85|0.90|0.91|0.92|0.99|1.22|0.57|0.94|0.93|0.93|0.99|0.98|0.94|1.02
Soon Woo Kwon|0.98|1.05|1.06|0.96|0.91|0.96|0.95|0.99|1.24|0.59|1.01|0.97|0.96|1.01|0.97|0.95|1.02
Jordan Thompson|0.96|0.93|0.91|0.85|0.92|0.88|0.90|0.98|1.24|0.53|0.89|0.89|0.92|0.97|0.99|0.95|1.03
Christian Garin|0.98|1.01|0.98|0.96|1.01|1.04|1.01|1.01|1.22|0.64|0.97|1.03|1.00|1.03|1.02|0.99|1.05
Ugo Humbert|0.99|0.99|0.97|0.96|0.98|0.95|0.98|1.00|1.26|0.50|1.00|0.95|0.99|0.97|1.00|0.98|1.02
Marton Fucsovics|1.02|1.03|1.05|1.05|0.98|0.99|1.01|1.02|1.23|0.64|0.84|0.98|1.00|0.98|0.98|0.97|1.01
Roman Safiullin|1.04|1.04|1.06|1.17|1.02|0.99|0.99|1.02|1.26|0.58|0.66|0.97|0.97|1.00|0.97|1.01|0.96
Facundo Bagnis|0.92|0.92|0.95|0.72|0.94|0.69|0.76|0.96|1.22|0.53|0.72|0.72|0.80|0.90|1.04|1.00|1.03
Gregoire Barrere|0.88|0.87|0.85|0.62|0.78|0.62|0.73|0.94|1.19|0.51|1.05|0.66|0.78|0.85|0.97|0.92|1.00
Nikoloz Basilashvili|0.93|1.01|1.04|0.81|0.91|0.95|0.96|0.97|1.21|0.59|1.22|0.97|0.98|0.99|1.00|0.95|1.05
Taro Daniel|0.90|0.93|0.95|0.73|0.93|0.79|0.84|0.96|1.20|0.57|1.12|0.82|0.88|0.93|1.03|0.96|1.09
Thanasi Kokkinakis|0.95|0.92|0.92|0.83|1.01|0.85|0.88|0.97|1.26|0.44|1.06|0.88|0.91|0.97|1.05|0.99|1.07
Daniel Altmaier|0.89|0.86|0.85|0.75|1.05|0.67|0.75|0.96|1.23|0.53|0.75|0.70|0.79|0.88|1.10|1.05|1.08
Tallon Griekspoor|0.89|0.89|0.96|0.64|0.92|0.71|0.81|0.96|1.25|0.40|0.95|0.74|0.85|0.88|1.07|1.01|1.02
Vasek Pospisil|0.95|0.90|0.88|0.86|0.98|0.89|0.92|0.99|1.27|0.45|0.93|0.89|0.92|0.97|1.02|0.96|1.10
Zhizhen Zhang|0.96|0.92|0.91|0.83|0.86|0.83|0.97|0.98|1.26|0.47|1.13|0.85|0.99|0.86|0.97|0.95|0.97
Alejandro Tabilo|0.98|0.99|0.99|0.90|0.94|0.96|0.94|1.00|1.19|0.66|0.77|0.96|0.94|1.02|0.99|0.92|1.09
Marco Cecchinato|0.91|0.91|0.92|0.73|0.83|0.77|0.83|0.97|1.22|0.52|1.07|0.80|0.85|0.93|0.97|0.93|1.02
Dominic Thiem|1.10|1.10|1.09|1.36|1.05|1.25|1.17|1.03|1.26|0.62|1.08|1.21|1.14|1.07|0.96|0.96|1.04
Radu Albot|0.93|0.97|1.02|0.81|0.85|0.88|0.91|0.99|1.21|0.59|1.03|0.89|0.93|0.96|0.97|0.94|0.99
Emilio Gomez|0.91|0.91|0.88|0.80|1.01|0.87|0.96|1.01|1.21|0.60|1.14|0.85|0.95|0.90|1.05|0.95|1.19
Juan Pablo Varillas Patino Samudio|1.00|0.99|1.06|0.96|0.91|0.84|0.92|0.98|1.26|0.53|1.11|0.86|0.94|0.91|0.96|0.89|1.10
Denis Kudla|0.91|0.95|0.97|0.75|0.96|0.72|0.78|0.97|1.22|0.53|0.82|0.75|0.81|0.93|1.04|0.94|1.16
Jason Kubler|0.94|0.99|1.01|0.90|0.93|0.92|0.97|1.02|1.24|0.61|0.96|0.91|0.95|0.95|1.00|0.95|1.07
Hugo Gaston|0.91|0.93|0.90|0.82|1.19|0.91|0.89|0.97|1.21|0.64|1.03|0.93|0.91|1.02|1.14|1.11|1.10
Jiri Vesely|0.99|0.99|1.01|0.98|1.01|0.93|0.96|1.00|1.25|0.53|0.94|0.93|0.96|0.97|1.01|0.97|1.07
Steve Johnson|0.97|0.97|0.94|0.99|1.02|1.00|0.99|1.01|1.28|0.48|0.95|0.99|0.98|1.01|1.02|0.98|1.09
Michael Mmoh|0.87|0.91|0.84|0.65|0.88|0.63|0.72|0.95|1.19|0.53|0.75|0.66|0.76|0.87|1.03|0.95|1.09
Norbert Gombos|0.91|0.94|0.90|0.71|0.85|0.63|0.74|0.96|1.22|0.51|0.86|0.66|0.77|0.85|1.00|0.97|0.98
Alexei Popyrin|0.93|0.91|0.92|0.76|0.93|0.79|0.87|0.98|1.26|0.43|1.15|0.81|0.90|0.90|1.03|1.00|1.01
Pablo Andujar|0.95|1.00|1.03|0.84|0.93|0.83|0.88|0.97|1.20|0.64|0.89|0.85|0.91|0.94|1.00|0.97|1.02
Jurij Rodionov|0.88|0.87|0.92|0.66|1.01|0.69|0.74|0.95|1.26|0.44|1.24|0.73|0.78|0.93|1.10|1.03|1.09
Christopher Eubanks|0.87|0.84|0.81|0.63|0.96|0.59|0.73|0.97|1.25|0.37|0.72|0.61|0.76|0.80|1.08|0.96|1.19
Fernando Verdasco|1.07|1.09|1.14|1.21|1.08|1.09|1.07|1.02|1.25|0.62|0.96|1.07|1.05|1.02|0.99|0.98|1.05
Federico Delbonis|0.98|1.00|1.05|0.94|1.00|0.91|0.92|0.99|1.23|0.60|0.88|0.92|0.93|0.98|1.02|0.97|1.07
Elias Ymer|0.92|0.92|0.92|0.73|0.86|0.70|0.77|0.95|1.21|0.54|0.83|0.74|0.80|0.92|0.99|0.95|1.01
Yannick Hanfmann|0.96|0.95|0.90|0.90|0.97|0.95|0.91|0.99|1.25|0.55|0.70|0.96|0.92|1.05|1.01|0.98|1.03
Jack Sock|1.00|1.04|1.05|1.07|1.05|1.09|1.08|1.01|1.26|0.55|1.06|1.08|1.07|1.01|1.01|0.96|1.11
Hugo Dellien|0.90|0.91|0.92|0.67|0.86|0.80|0.87|0.97|1.16|0.58|1.23|0.83|0.90|0.92|1.01|1.02|0.92
Jozef Kovalik|0.89|0.91|0.93|0.73|0.95|0.68|0.71|0.97|1.22|0.56|0.57|0.71|0.74|0.96|1.05|1.00|1.07
Gilles Simon|1.04|1.05|1.08|1.12|1.06|1.11|1.06|1.01|1.23|0.67|0.96|1.09|1.04|1.05|1.01|0.97|1.07
John Millman|0.98|1.00|1.03|0.93|1.01|0.90|0.92|0.99|1.22|0.60|0.91|0.91|0.93|0.98|1.02|0.95|1.11
Stan Wawrinka|1.08|1.04|1.06|1.31|1.09|1.22|1.16|1.03|1.27|0.60|1.04|1.18|1.12|1.05|0.99|0.98|1.04
Jan Lennard Struff|1.00|0.99|0.96|0.97|0.93|0.91|0.93|1.00|1.25|0.53|0.86|0.91|0.94|0.97|0.97|0.94|1.04
Nicolas Jarry|0.95|0.89|0.91|0.85|0.98|0.92|0.95|0.98|1.26|0.45|1.00|0.93|0.96|0.97|1.03|0.97|1.10
James Duckworth|0.90|0.89|0.91|0.76|1.02|0.78|0.85|0.98|1.25|0.48|0.93|0.80|0.87|0.93|1.08|1.01|1.11
Maximilian Marterer|0.88|0.84|0.87|0.69|0.92|0.67|0.75|0.96|1.25|0.44|0.52|0.69|0.77|0.89|1.04|0.96|1.13
Liam Broady|0.84|0.86|0.90|0.67|0.87|0.80|0.84|0.98|1.20|0.57|0.84|0.81|0.85|0.95|1.02|0.95|1.09
Carlos Taberner|0.92|0.97|0.99|0.81|0.99|0.74|0.82|0.97|1.19|0.64|1.03|0.77|0.85|0.91|1.04|0.95|1.17
Ricardas Berankis|0.94|0.99|1.01|0.83|0.90|0.94|0.96|1.00|1.23|0.54|1.04|0.94|0.96|0.97|0.98|0.94|1.03
Henri Laaksonen|0.95|0.95|0.96|0.82|0.93|0.79|0.84|0.97|1.22|0.56|0.99|0.82|0.87|0.94|1.00|0.96|1.04
Benoit Paire|0.96|0.93|0.90|0.90|0.98|0.92|0.95|0.99|1.23|0.62|1.03|0.93|0.97|0.96|1.02|0.98|1.05
Dennis Novak|0.90|0.92|0.98|0.72|0.87|0.70|0.80|0.96|1.21|0.54|0.85|0.73|0.84|0.87|0.99|0.92|1.08
Renzo Olivo|0.92|0.93|0.96|0.71|0.87|0.85|0.84|0.94|1.17|0.58|1.46|0.91|0.89|1.01|1.00|0.99|0.97
Damir Dzumhur|0.97|1.00|1.00|0.92|0.98|0.96|0.95|0.99|1.19|0.68|0.97|0.97|0.96|1.01|1.01|0.94|1.10
Mikhail Kukushkin|0.93|0.96|1.01|0.86|1.03|0.88|0.93|0.99|1.22|0.61|0.95|0.89|0.94|0.95|1.05|0.99|1.11
Sebastian Ofner|0.91|0.88|0.90|0.88|1.11|0.90|0.86|0.98|1.26|0.55|0.93|0.92|0.88|1.05|1.09|1.04|1.15
Nicolas Kicker|0.94|0.99|1.02|0.84|1.05|0.81|0.86|0.98|1.21|0.61|0.51|0.83|0.88|0.94|1.06|0.96|1.19
Dimitar Kuzmanov|0.92|0.94|0.98|0.80|1.07|0.99|1.03|1.05|1.20|0.62|0.51|0.94|0.97|0.96|1.08|1.00|1.17
Stefan Kozlov|0.84|0.87|0.95|0.58|0.87|0.55|0.60|0.88|1.12|0.58|0.92|0.62|0.68|0.92|1.05|1.00|1.04
Dominik Koepfer|0.94|0.97|1.01|0.81|1.01|0.89|0.90|0.97|1.22|0.58|1.22|0.92|0.92|0.99|1.05|1.01|1.06
Cedrik Marcel Stebe|0.90|0.90|0.91|0.74|0.88|0.81|0.84|0.97|1.17|0.62|1.04|0.84|0.87|0.97|1.00|0.96|1.03
Gianluca Mager|0.93|0.93|0.92|0.82|1.09|0.83|0.91|0.98|1.24|0.52|0.96|0.85|0.93|0.92|1.09|1.02|1.14
Mitchell Krueger|0.84|0.84|0.91|0.59|0.82|0.62|0.64|0.94|1.20|0.49|0.61|0.66|0.68|0.98|1.02|0.92|1.11
Lukas Rosol|0.92|0.94|0.93|0.79|0.99|0.89|0.92|0.98|1.25|0.49|1.07|0.91|0.94|0.97|1.05|1.00|1.08
Max Purcell|0.86|0.86|0.89|0.65|0.89|0.85|0.84|0.94|1.17|0.57|0.71|0.90|0.89|1.01|1.02|0.90|1.17
Marco Trungelliti|0.92|0.93|0.95|0.77|0.96|0.84|0.86|0.96|1.21|0.58|0.83|0.87|0.89|0.98|1.04|0.99|1.06
Ernesto Escobedo|0.90|0.92|0.95|0.67|0.83|0.75|0.82|0.97|1.24|0.43|1.03|0.77|0.85|0.91|0.99|0.96|0.98
Gastao Elias|0.93|0.91|0.88|0.75|0.93|0.71|0.79|0.95|1.19|0.57|0.80|0.74|0.83|0.90|1.01|0.93|1.10
Peter Gojowczyk|0.94|0.98|0.94|0.83|0.97|0.88|0.88|0.97|1.23|0.54|0.95|0.91|0.91|1.00|1.02|0.95|1.11
Lloyd George Muirhead Harris|0.99|0.91|0.89|0.96|1.04|1.01|1.00|1.00|1.24|0.55|0.78|1.00|1.00|1.01|1.03|0.94|1.17
Robin Haase|0.96|0.95|0.93|0.93|0.99|0.93|0.94|1.00|1.24|0.57|0.80|0.93|0.94|0.98|1.02|0.96|1.09
Alessandro Giannessi|0.91|0.92|0.97|0.77|1.04|0.77|0.84|0.97|1.20|0.59|0.99|0.79|0.87|0.91|1.09|1.06|1.04
Tennys Sandgren|0.92|0.88|0.89|0.78|0.95|0.79|0.85|0.98|1.25|0.48|0.85|0.81|0.87|0.92|1.03|0.97|1.09
Pablo Cuevas|1.01|1.00|1.01|0.99|1.01|1.04|1.03|1.01|1.24|0.57|1.06|1.03|1.03|1.00|1.00|0.95|1.09
Juan Ignacio Londero|0.97|1.01|1.07|0.85|0.94|0.83|0.89|0.97|1.21|0.57|0.89|0.86|0.91|0.94|0.99|0.92|1.08
Egor Gerasimov|0.98|0.99|0.98|0.92|0.93|1.05|1.02|1.00|1.24|0.54|1.02|1.05|1.01|1.04|0.98|0.95|1.02
Salvatore Caruso|0.88|0.91|0.97|0.70|0.87|0.63|0.70|0.95|1.20|0.57|0.57|0.67|0.73|0.91|1.02|1.00|0.99
Pierre Hugues Herbert|0.94|0.92|0.92|0.86|1.01|0.89|0.93|0.99|1.26|0.49|0.93|0.90|0.94|0.96|1.04|0.97|1.13
Ernests Gulbis|1.00|0.98|0.96|1.01|1.03|1.01|1.02|1.02|1.26|0.53|0.93|1.00|1.01|0.99|1.01|0.99|1.06
Stefano Travaglia|0.92|0.90|0.87|0.83|0.93|0.72|0.81|0.98|1.23|0.57|0.70|0.73|0.82|0.89|1.00|0.92|1.13
Bjorn Fratangelo|0.90|0.93|1.03|0.77|0.98|0.75|0.77|0.96|1.22|0.56|0.91|0.78|0.80|0.97|1.05|0.95|1.18
Thomas Fabbiano|0.90|0.97|1.00|0.72|0.85|0.63|0.75|0.95|1.21|0.56|0.83|0.66|0.78|0.84|0.99|0.96|1.00
Yasutaka Uchiyama|0.90|0.86|0.88|0.63|0.75|0.60|0.71|0.96|1.23|0.42|0.74|0.63|0.74|0.85|0.96|0.94|0.92
Sam Querrey|1.04|0.97|0.93|1.14|0.99|1.07|1.05|1.01|1.26|0.50|0.96|1.05|1.04|1.01|0.97|0.93|1.08
Aljaz Bedene|0.97|0.94|0.92|0.88|0.94|0.93|0.93|0.99|1.23|0.55|1.00|0.95|0.94|1.01|0.99|0.93|1.09
Prajnesh Gunneswaran|0.82|0.80|0.84|0.45|0.74|0.55|0.60|0.90|1.18|0.40|1.08|0.61|0.66|0.92|1.00|0.88|1.07
Kenny De Schepper|0.86|0.85|0.91|0.55|0.85|0.63|0.71|0.96|1.27|0.34|0.85|0.65|0.74|0.88|1.08|1.04|0.93
Andreas Seppi|0.99|1.00|0.99|0.95|1.00|0.96|0.95|0.99|1.23|0.61|0.92|0.97|0.96|1.01|1.01|0.96|1.08
Gerald Melzer|0.89|0.90|0.98|0.73|0.91|0.70|0.76|0.97|1.20|0.57|0.78|0.71|0.78|0.91|1.03|0.96|1.08
Marius Copil|0.95|0.86|0.89|0.77|0.92|0.84|0.91|0.99|1.26|0.41|1.05|0.85|0.92|0.93|1.01|0.95|1.06
Cem Ilkel|0.78|0.77|0.82|0.47|0.84|0.36|0.56|0.94|1.20|0.44|0.66|0.39|0.60|0.65|1.05|0.91|1.19
Lucas Pouille|0.97|0.98|0.99|0.96|1.07|1.05|1.01|1.00|1.26|0.55|1.09|1.05|1.01|1.04|1.04|1.00|1.11
Jason Jung|0.89|0.93|0.96|0.68|0.86|0.67|0.78|0.97|1.23|0.50|0.35|0.70|0.81|0.86|1.02|1.01|0.96
Guido Andreozzi|0.86|0.91|0.92|0.64|0.99|0.64|0.70|0.94|1.21|0.52|0.87|0.68|0.74|0.93|1.10|1.03|1.11
Evgeny Donskoy|0.88|0.88|0.87|0.64|0.90|0.67|0.78|0.96|1.25|0.44|0.91|0.70|0.81|0.86|1.05|1.00|1.03
Mirza Basic|0.90|0.88|0.86|0.76|1.00|0.94|0.93|0.99|1.23|0.53|1.25|0.95|0.94|1.02|1.06|0.98|1.16
Roger Federer|1.30|1.25|1.17|2.37|1.26|1.51|1.40|1.07|1.27|0.67|1.21|1.41|1.31|1.08|0.93|0.97|1.04
Jimmy Connors|0.97|1.02|1.06|0.99|0.99|1.65|1.53|1.20|1.20|0.72|1.18|1.37|1.27|1.08|1.01|0.99|1.03
Ivan Lendl|1.16|1.14|1.10|1.59|1.12|1.55|1.43|1.13|1.26|0.70|1.15|1.37|1.26|1.08|0.96|0.95|1.05
Pete Sampras|1.24|1.23|1.11|2.14|1.27|1.45|1.32|1.05|1.28|0.63|1.17|1.38|1.26|1.09|0.95|0.98|1.07
John McEnroe|1.11|1.14|1.05|1.46|1.11|1.58|1.46|1.15|1.26|0.69|1.19|1.37|1.27|1.08|0.98|0.97|1.06
Bjorn Borg|0.72|0.72|0.66|0.33|0.65|1.89|1.73|1.38|1.09|0.40|1.26|1.37|1.25|1.10|1.01|0.93|0.99
Andre Agassi|1.22|1.27|1.23|1.98|1.23|1.43|1.33|1.08|1.28|0.76|1.06|1.32|1.23|1.07|0.97|0.98|1.04
Boris Becker|1.15|1.15|1.10|1.66|1.16|1.47|1.35|1.08|1.28|0.62|1.14|1.37|1.25|1.09|0.96|0.98|1.04
Stefan Edberg|1.17|1.24|1.18|1.73|1.19|1.42|1.31|1.07|1.27|0.73|1.13|1.32|1.22|1.08|0.98|0.98|1.05
Mats Wilander|0.96|0.97|0.95|0.88|1.01|1.46|1.35|1.14|1.20|0.65|1.15|1.28|1.19|1.08|1.03|0.97|1.09
Guillermo Vilas|0.94|1.00|1.25|0.64|0.49|1.58|1.46|1.20|1.16|0.54|1.18|1.32|1.22|1.08|0.71|0.72|0.71
Lleyton Hewitt|1.14|1.18|1.17|1.52|1.13|1.34|1.23|1.05|1.25|0.73|1.00|1.27|1.17|1.09|0.98|0.97|1.05
Andy Roddick|1.24|1.17|1.11|2.05|1.20|1.40|1.31|1.05|1.27|0.57|1.17|1.34|1.26|1.06|0.93|0.95|1.08
Jim Courier|1.16|1.17|1.13|1.64|1.16|1.30|1.24|1.05|1.27|0.66|1.12|1.24|1.18|1.05|0.97|0.96|1.08
Michael Chang|1.14|1.13|1.13|1.50|1.11|1.30|1.20|1.05|1.25|0.75|0.94|1.23|1.14|1.08|0.97|0.96|1.04
Yevgeny Kafelnikov|1.08|1.14|1.09|1.32|1.09|1.29|1.19|1.04|1.25|0.70|1.09|1.24|1.15|1.08|0.99|0.97|1.07
Gustavo Kuerten|1.09|1.04|1.02|1.38|1.10|1.26|1.18|1.04|1.26|0.64|0.97|1.21|1.14|1.07|0.98|0.96|1.07
Goran Ivanisevic|1.09|1.04|1.02|1.34|1.17|1.25|1.19|1.02|1.26|0.55|1.11|1.22|1.16|1.05|1.01|0.97|1.13
David Ferrer|1.12|1.15|1.19|1.40|1.09|1.27|1.19|1.05|1.24|0.75|0.99|1.21|1.14|1.06|0.97|0.96|1.04
Thomas Muster|1.14|1.16|1.21|1.54|1.21|1.33|1.24|1.05|1.26|0.76|1.14|1.26|1.17|1.08|1.01|1.00|1.07
Juan Martin Del Potro|1.16|1.16|1.12|1.68|1.14|1.37|1.28|1.05|1.27|0.66|1.11|1.30|1.22|1.07|0.96|0.95|1.08
Michael Stich|1.15|1.12|1.07|1.58|1.19|1.31|1.23|1.03|1.28|0.61|1.12|1.27|1.19|1.07|0.98|0.99|1.06
Marat Safin|1.08|1.01|1.02|1.25|1.05|1.20|1.13|1.02|1.26|0.60|1.04|1.17|1.11|1.06|0.98|0.96|1.04
Juan Carlos Ferrero|1.09|1.11|1.16|1.31|1.07|1.26|1.17|1.04|1.24|0.68|1.08|1.21|1.13|1.07|0.97|0.97|1.02
Carlos Moya|1.07|1.04|1.03|1.25|1.09|1.26|1.18|1.03|1.25|0.65|1.13|1.22|1.14|1.07|1.00|0.99|1.04
Patrick Rafter|1.12|1.10|1.05|1.47|1.12|1.25|1.18|1.03|1.27|0.60|1.04|1.21|1.14|1.07|0.97|0.97|1.06
Yannick Noah|0.86|0.85|0.74|0.74|1.15|1.46|1.34|1.15|1.21|0.60|1.13|1.27|1.17|1.09|1.15|1.04|1.26
Tomas Berdych|1.14|1.13|1.09|1.53|1.14|1.25|1.19|1.04|1.27|0.63|1.04|1.20|1.15|1.05|0.98|0.95|1.09
Marcelo Rios|1.11|1.12|1.15|1.40|1.08|1.30|1.23|1.05|1.25|0.71|1.13|1.24|1.18|1.05|0.97|0.96|1.04
Nikolay Davydenko|1.10|1.13|1.15|1.33|1.10|1.15|1.13|1.03|1.24|0.73|1.00|1.11|1.10|1.01|0.99|0.96|1.06
Richard Krajicek|1.18|1.07|1.01|1.66|1.15|1.24|1.20|1.03|1.27|0.57|0.97|1.20|1.16|1.04|0.96|0.96|1.07
Harold Solomon|0.78|0.81|0.91|0.48|2.14|1.49|1.39|1.25|0.56|0.80|1.29|1.19|1.11|1.07|1.43|1.33|2.14
Sergi Bruguera|1.09|1.07|1.07|1.30|1.10|1.20|1.15|1.04|1.23|0.75|1.13|1.16|1.11|1.05|1.00|0.96|1.08
Jo Wilfried Tsonga|1.12|1.06|0.99|1.52|1.20|1.28|1.21|1.03|1.27|0.56|1.11|1.24|1.17|1.05|1.00|0.98|1.11
Kei Nishikori|1.09|1.14|1.15|1.33|1.04|1.30|1.20|1.04|1.25|0.68|1.15|1.26|1.16|1.09|0.96|0.96|1.03
David Nalbandian|1.10|1.15|1.19|1.33|1.09|1.29|1.21|1.04|1.24|0.73|1.16|1.24|1.16|1.06|0.99|0.95|1.07
Alex Corretja|1.07|1.07|1.08|1.22|1.05|1.19|1.12|1.03|1.23|0.71|0.99|1.15|1.09|1.06|0.98|0.96|1.03
Johan Kriek|0.87|0.90|0.94|0.58|0.76|1.32|1.23|1.11|1.21|0.46|1.20|1.19|1.11|1.08|1.00|1.05|0.80
Tommy Haas|1.07|1.11|1.09|1.28|1.06|1.22|1.16|1.03|1.26|0.62|1.09|1.18|1.12|1.06|0.98|0.95|1.07
Thomas Enqvist|1.08|1.14|1.11|1.30|1.02|1.17|1.12|1.03|1.25|0.67|0.95|1.13|1.09|1.04|0.96|0.93|1.05
Andres Gomez|0.99|0.96|0.89|1.00|1.05|1.32|1.23|1.07|1.23|0.65|1.27|1.23|1.15|1.07|1.02|0.99|1.07
Petr Korda|1.07|1.12|1.09|1.27|1.07|1.22|1.15|1.03|1.25|0.70|1.06|1.18|1.12|1.06|0.99|0.99|1.02
Milos Raonic|1.20|1.08|1.08|1.82|1.18|1.30|1.25|1.03|1.27|0.47|1.17|1.27|1.22|1.04|0.94|0.97|1.06
Tim Henman|1.10|1.09|1.02|1.38|1.10|1.25|1.18|1.04|1.26|0.66|1.03|1.20|1.13|1.05|0.98|0.97|1.04
Guillermo Coria|1.13|1.18|1.19|1.43|1.11|1.26|1.20|1.05|1.23|0.81|1.07|1.19|1.13|1.05|0.98|0.95|1.05
Brad Gilbert|1.03|1.02|0.96|1.10|1.10|1.27|1.19|1.06|1.23|0.67|1.13|1.20|1.13|1.07|1.03|0.99|1.09
Todd Martin|1.12|1.07|1.06|1.37|1.13|1.23|1.16|1.02|1.26|0.59|1.09|1.20|1.13|1.06|0.99|0.97|1.06
Tim Mayotte|1.00|1.01|0.98|0.94|0.96|1.25|1.21|1.07|1.23|0.59|1.06|1.17|1.13|1.03|0.99|0.95|1.03
Albert Costa|1.05|1.05|1.07|1.19|1.03|1.15|1.11|1.03|1.24|0.68|1.00|1.12|1.08|1.03|0.98|0.96|1.04
Andrei Medvedev|1.06|1.04|1.01|1.17|1.06|1.18|1.14|1.02|1.24|0.68|1.09|1.15|1.11|1.03|0.99|0.97|1.04
Wayne Ferreira|1.06|1.02|1.00|1.21|1.03|1.19|1.12|1.02|1.25|0.63|0.98|1.17|1.10|1.07|0.97|0.96|1.04
Greg Rusedski|1.09|1.05|1.03|1.26|1.09|1.18|1.12|1.01|1.27|0.49|1.08|1.16|1.11|1.05|0.98|0.97|1.07
Robin Soderling|1.12|1.13|1.08|1.48|1.16|1.24|1.19|1.05|1.26|0.63|0.95|1.19|1.13|1.05|1.00|0.96|1.13
Fernando Gonzalez|1.06|1.08|1.07|1.30|1.11|1.27|1.19|1.03|1.27|0.61|1.16|1.23|1.16|1.06|1.00|0.97|1.10
Ivan Ljubicic|1.05|0.96|0.95|1.23|1.06|1.16|1.12|1.02|1.27|0.52|1.02|1.14|1.09|1.04|0.98|0.97|1.06
Pat Cash|0.91|0.88|0.82|0.74|0.97|1.26|1.21|1.09|1.24|0.50|1.10|1.15|1.11|1.04|1.05|0.99|1.08
Guy Forget|1.09|1.05|0.97|1.27|1.06|1.10|1.07|1.01|1.26|0.56|0.96|1.09|1.06|1.03|0.97|0.96|1.06
Mark Philippoussis|1.07|1.03|1.00|1.23|1.02|1.18|1.11|1.01|1.27|0.52|1.02|1.17|1.10|1.06|0.96|0.95|1.04
Henri Leconte|1.01|1.01|0.99|1.02|1.03|1.16|1.15|1.05|1.25|0.61|1.04|1.10|1.09|1.02|1.01|0.99|1.04
Cedric Pioline|1.04|1.05|1.01|1.13|1.02|1.08|1.07|1.01|1.25|0.62|1.06|1.07|1.06|1.01|0.99|0.96|1.05
Sebastien Grosjean|1.07|1.02|1.02|1.25|1.06|1.13|1.12|1.03|1.24|0.68|1.12|1.10|1.09|1.01|0.98|0.96|1.06
Anders Jarryd|1.03|1.04|1.01|1.06|0.96|1.20|1.16|1.06|1.22|0.67|1.02|1.13|1.10|1.03|0.97|0.91|1.08
Magnus Norman|1.04|1.02|1.01|1.14|1.07|1.14|1.10|1.01|1.24|0.65|1.08|1.12|1.08|1.04|1.00|0.98|1.06
Emilio Sanchez|1.00|0.98|0.93|0.99|0.99|1.19|1.14|1.06|1.23|0.63|0.99|1.13|1.08|1.04|0.99|0.96|1.04
Tommy Robredo|1.05|1.04|1.06|1.18|1.05|1.18|1.11|1.02|1.24|0.66|1.09|1.16|1.09|1.06|0.99|0.96|1.07
Marc Rosset|1.04|1.03|0.99|1.11|0.99|1.10|1.08|1.01|1.26|0.55|1.12|1.09|1.07|1.02|0.97|0.95|1.03
Jonas Bjorkman|1.03|1.05|1.05|1.08|1.00|1.06|1.04|1.01|1.23|0.67|0.97|1.05|1.03|1.02|0.98|0.97|1.02
James Blake|1.06|1.06|1.03|1.23|1.08|1.15|1.11|1.03|1.25|0.65|1.02|1.12|1.08|1.03|1.00|0.96|1.09
Gaston Gaudio|1.04|1.08|1.09|1.10|1.01|1.14|1.10|1.02|1.20|0.73|1.04|1.12|1.08|1.04|0.98|0.96|1.03
Andrei Chesnokov|0.98|0.99|1.03|1.00|1.03|1.15|1.12|1.04|1.19|0.75|1.14|1.11|1.07|1.03|1.02|0.98|1.07
Mikhail Youzhny|1.03|1.04|1.06|1.12|1.04|1.08|1.06|1.02|1.24|0.66|1.02|1.06|1.04|1.01|1.00|0.97|1.07
Aaron Krickstein|1.03|1.05|1.06|1.13|1.04|1.20|1.12|1.04|1.22|0.71|1.04|1.15|1.08|1.07|1.00|0.98|1.05
Kevin Anderson|1.08|0.99|1.00|1.21|1.05|1.14|1.09|1.01|1.27|0.47|1.06|1.13|1.07|1.05|0.98|0.96|1.05
Alberto Berasategui|1.04|1.07|1.17|1.15|1.06|1.15|1.11|1.02|1.21|0.77|1.01|1.12|1.08|1.04|1.00|0.98|1.05
Magnus Gustafsson|1.08|1.12|1.09|1.27|1.08|1.20|1.12|1.03|1.24|0.73|1.01|1.16|1.08|1.07|0.99|0.97|1.04
Nicolas Kiefer|1.04|1.04|1.00|1.16|1.08|1.12|1.09|1.02|1.24|0.65|1.11|1.10|1.07|1.03|1.01|0.96|1.10
Thomas Johansson|1.04|1.01|1.00|1.15|1.08|1.08|1.06|1.01|1.25|0.60|1.00|1.07|1.05|1.02|1.01|0.96|1.11
Kevin Curren|0.97|0.95|0.89|0.94|0.95|1.20|1.16|1.06|1.24|0.57|1.02|1.13|1.09|1.03|0.99|0.95|1.05
Felix Mantilla|1.04|1.06|1.10|1.15|1.09|1.16|1.11|1.02|1.22|0.73|1.06|1.13|1.08|1.05|1.02|0.96|1.11
Vijay Amritraj|0.75|0.71|1.00|0.50|0.50|1.32|1.28|1.20|0.76|0.79|1.20|1.10|1.07|1.03|0.73|0.57|0.88
Magnus Larsson|1.05|1.03|1.01|1.18|1.04|1.15|1.09|1.02|1.26|0.58|1.11|1.13|1.08|1.05|0.98|0.97|1.05
Guillermo Canas|1.08|1.07|1.04|1.20|1.05|1.10|1.08|1.02|1.23|0.69|0.99|1.08|1.06|1.02|0.98|0.96|1.04
Nicolas Almagro|1.08|1.04|1.04|1.25|1.02|1.15|1.11|1.02|1.26|0.59|0.93|1.12|1.09|1.03|0.96|0.94|1.05
Feliciano Lopez|0.97|0.94|0.89|0.94|1.03|1.03|1.01|1.00|1.27|0.47|1.09|1.03|1.01|1.02|1.03|0.99|1.08
Mardy Fish|1.07|1.00|0.99|1.22|1.08|1.14|1.08|1.02|1.25|0.59|0.93|1.12|1.06|1.05|0.99|0.95|1.11
Ivo Karlovic|1.02|0.85|0.86|1.06|1.04|1.03|1.02|1.00|1.27|0.30|0.99|1.03|1.02|1.01|1.00|0.98|1.08
Karel Novacek|1.05|1.02|0.99|1.17|1.05|1.08|1.05|1.01|1.25|0.63|1.00|1.07|1.04|1.03|0.99|0.98|1.03
Martin Jaite|0.98|0.93|0.92|0.94|0.93|1.27|1.18|1.07|1.22|0.65|1.16|1.18|1.11|1.07|0.98|0.94|1.05
Jiri Novak|1.06|1.05|1.04|1.18|1.07|1.11|1.06|1.02|1.23|0.70|0.91|1.08|1.04|1.04|1.00|0.96|1.08
Radek Stepanek|1.05|1.06|1.03|1.18|1.06|1.10|1.07|1.02|1.26|0.60|1.02|1.08|1.05|1.03|0.99|0.96|1.08
Rainer Schuettler|1.01|1.03|1.05|1.00|1.00|0.98|0.99|1.00|1.21|0.66|0.96|0.98|0.99|0.99|1.00|0.94|1.08
Dominik Hrbaty|1.03|1.08|1.09|1.08|1.03|1.05|1.03|1.01|1.23|0.66|0.99|1.04|1.02|1.02|1.00|0.96|1.06
Guillermo Perez Roldan|1.03|1.02|1.03|1.15|1.12|1.26|1.19|1.06|1.21|0.78|1.22|1.19|1.12|1.06|1.04|0.99|1.11
Sjeng Schalken|1.01|1.04|1.05|1.06|1.02|1.04|1.04|1.01|1.23|0.65|0.97|1.03|1.02|1.00|1.00|0.96|1.07
Karol Kucera|1.04|1.06|1.05|1.08|0.98|1.08|1.05|1.01|1.20|0.72|1.00|1.06|1.04|1.02|0.98|0.92|1.06
Malivai Washington|1.07|1.07|1.07|1.29|1.09|1.13|1.09|1.03|1.26|0.66|0.92|1.10|1.06|1.04|0.99|0.96|1.09
Alberto Mancini|0.98|0.98|1.02|0.92|1.04|1.09|1.07|1.02|1.22|0.62|1.17|1.07|1.05|1.02|1.03|0.98|1.10
Mikael Pernfors|0.94|0.94|0.98|0.82|0.96|1.14|1.09|1.05|1.17|0.67|1.00|1.09|1.04|1.04|1.03|0.98|1.06
Jimmy Arias|0.96|0.97|1.06|0.87|0.99|1.14|1.10|1.04|1.18|0.67|1.12|1.10|1.06|1.04|1.02|0.98|1.05
Juan Monaco|1.05|1.06|1.11|1.13|0.98|1.10|1.07|1.02|1.21|0.72|0.93|1.08|1.05|1.03|0.97|0.92|1.05
Jonas Svensson|1.00|1.00|0.98|1.03|1.08|1.11|1.09|1.04|1.22|0.69|1.07|1.07|1.05|1.02|1.03|1.00|1.07
Nicolas Lapentti|1.00|0.98|0.95|0.98|0.96|1.04|1.01|1.01|1.22|0.63|1.07|1.03|1.01|1.03|0.98|0.96|1.02
Marcos Baghdatis|1.04|1.02|1.03|1.13|1.01|1.11|1.11|1.02|1.25|0.60|1.08|1.08|1.09|1.00|0.98|0.94|1.07
David Wheaton|1.03|1.03|1.02|1.11|1.07|1.08|1.05|1.01|1.25|0.61|1.01|1.07|1.04|1.03|1.01|0.99|1.05
Nicolas Massu|0.98|0.99|0.98|1.00|1.08|1.04|1.04|1.01|1.22|0.65|1.07|1.03|1.03|1.00|1.04|0.99|1.12
Juan Ignacio Chela|1.03|1.05|1.05|1.08|1.03|1.07|1.03|1.01|1.21|0.71|0.95|1.06|1.02|1.04|1.00|0.95|1.07
Amos Mansdorf|1.02|1.03|1.04|1.10|1.07|1.13|1.09|1.03|1.25|0.64|1.02|1.09|1.06|1.03|1.02|0.99|1.07
Jakob Hlasek|1.03|1.02|0.96|1.06|1.02|1.13|1.08|1.02|1.25|0.59|1.03|1.10|1.05|1.04|1.00|0.95|1.08
Jaime Yzaga|1.00|1.03|1.05|1.01|1.03|1.09|1.05|1.01|1.21|0.69|1.10|1.07|1.04|1.03|1.01|0.98|1.06
Carlos Costa|1.05|1.02|1.07|1.14|1.01|1.07|1.07|1.02|1.21|0.75|1.04|1.05|1.05|1.00|0.98|0.94|1.05
Janko Tipsarevic|1.02|1.02|1.03|1.07|1.02|1.05|1.05|1.01|1.25|0.58|0.98|1.04|1.04|1.00|1.00|0.95|1.08
Nicolas Escude|1.05|1.03|1.00|1.13|1.02|1.12|1.10|1.01|1.24|0.64|1.19|1.11|1.09|1.02|0.98|0.96|1.05
Juan Aguilera|0.80|0.81|0.78|0.53|0.97|1.11|1.09|1.10|1.08|0.60|1.12|1.01|0.99|1.02|1.08|0.93|1.32
Andrei Pavel|1.01|1.00|0.99|1.03|1.00|1.02|1.03|1.01|1.23|0.63|0.99|1.01|1.02|0.99|0.99|0.95|1.07
Ramesh Krishnan|0.96|0.99|1.04|0.84|0.83|1.08|1.06|1.04|1.16|0.68|1.01|1.03|1.02|1.01|0.94|0.92|0.95
Fabrice Santoro|1.00|1.00|1.03|0.99|1.02|1.03|1.02|1.00|1.21|0.67|1.07|1.03|1.02|1.01|1.01|0.99|1.04
Jurgen Melzer|0.99|0.99|0.97|1.01|1.00|1.03|1.01|1.01|1.24|0.61|0.97|1.02|1.01|1.02|1.00|0.97|1.08
Younes El Aynaoui|1.01|0.97|0.95|1.04|1.01|1.08|1.08|1.01|1.25|0.55|1.10|1.07|1.07|1.00|1.00|0.98|1.04
Arnaud Clement|1.00|1.02|1.01|0.98|0.97|0.98|0.99|1.00|1.23|0.62|1.02|0.98|0.99|0.99|0.99|0.96|1.04
Mario Ancic|1.10|1.03|1.01|1.36|1.05|1.18|1.12|1.03|1.26|0.60|0.98|1.15|1.09|1.05|0.96|0.94|1.07
Francisco Clavet|1.03|1.05|1.11|1.10|1.02|1.06|1.04|1.01|1.22|0.72|0.99|1.04|1.02|1.02|0.99|0.96|1.05
Horst Skoff|0.96|0.99|0.99|0.91|0.96|1.07|1.04|1.03|1.19|0.68|1.00|1.05|1.02|1.03|1.00|0.96|1.05
Alexander Volkov|1.00|1.02|1.01|1.05|1.10|1.09|1.05|1.02|1.24|0.66|0.97|1.07|1.03|1.04|1.04|0.99|1.11
Jay Berger|1.01|1.15|0.98|1.05|1.05|1.27|1.20|1.06|1.16|0.82|0.99|1.19|1.13|1.06|1.01|1.00|1.04
Wally Masur|1.04|1.02|1.01|1.10|1.01|1.06|1.04|1.00|1.25|0.58|0.99|1.05|1.04|1.01|0.99|0.95|1.06
Philipp Kohlschreiber|1.05|1.05|1.06|1.19|1.08|1.09|1.07|1.02|1.26|0.59|0.98|1.07|1.05|1.02|1.00|0.97|1.08
Jordi Arrese|1.00|1.01|1.06|1.00|0.99|1.03|1.03|1.01|1.17|0.76|0.96|1.02|1.01|1.01|1.00|0.96|1.05
Tim Wilkison|0.79|0.88|1.15|0.36|0.34|1.12|1.10|1.13|0.80|0.53|1.10|0.99|0.97|1.02|0.52|0.36|0.68
Paradorn Srichaphan|1.01|1.01|1.02|1.02|0.96|1.12|1.08|1.01|1.24|0.58|1.10|1.10|1.07|1.03|0.98|0.92|1.08
Jason Stoltenberg|1.05|1.03|0.99|1.14|1.04|1.04|1.03|1.01|1.24|0.66|0.90|1.04|1.02|1.01|0.99|0.96|1.05
Mark Woodforde|1.02|1.03|1.01|1.06|1.03|1.01|1.01|1.00|1.24|0.63|0.97|1.00|1.01|1.00|1.00|1.00|1.02
Alexandr Dolgopolov|1.03|1.00|0.98|1.06|0.99|1.03|1.05|1.01|1.24|0.59|1.04|1.03|1.04|0.99|0.98|0.94|1.07
Scott Davis|0.88|0.94|0.93|0.73|0.74|1.07|1.06|1.05|1.22|0.57|1.09|1.01|1.00|1.01|0.92|0.89|0.98
Max Mirnyi|1.00|0.96|0.92|0.98|1.00|1.00|1.00|1.00|1.25|0.47|1.06|1.00|1.00|1.00|1.00|0.96|1.08
Chris Woodruff|1.02|1.05|1.03|1.10|0.99|1.02|0.99|1.01|1.25|0.63|0.79|1.00|0.98|1.02|0.98|0.98|1.00
John Fitzgerald|0.98|1.01|1.03|0.84|0.91|1.03|1.01|1.01|1.19|0.61|1.12|1.02|1.00|1.01|0.98|0.94|1.01
Martin Klizan|0.95|0.98|1.02|0.92|1.06|1.00|1.00|1.00|1.23|0.63|1.06|0.99|1.00|0.99|1.05|1.00|1.12
Michael Llodra|0.99|0.97|0.97|0.91|0.96|0.92|0.96|0.99|1.25|0.49|0.98|0.93|0.96|0.96|1.00|0.95|1.05
Thierry Tulasne|0.71|0.76|0.85|0.29|0.70|1.17|1.19|1.17|0.93|0.43|1.16|1.00|1.01|0.98|1.13|1.12|0.87
Jan Siemerink|0.99|0.98|0.97|0.96|1.03|1.00|1.00|1.00|1.27|0.50|1.03|1.01|1.00|1.01|1.02|1.01|1.02
Arnaud Boetsch|1.04|1.05|1.06|1.14|1.03|1.05|1.03|1.01|1.24|0.65|0.98|1.04|1.02|1.02|0.99|0.97|1.04
Mariano Puerta|0.99|1.03|1.00|0.98|1.04|1.04|1.06|1.00|1.23|0.60|1.20|1.04|1.05|0.99|1.03|0.96|1.13
Mariano Zabaleta|1.00|1.01|1.00|1.00|0.95|0.98|0.99|1.00|1.22|0.64|0.96|0.98|0.99|0.98|0.98|0.96|1.01
Slobodan Zivojinovic|0.89|0.85|0.92|0.73|1.28|1.08|1.08|1.04|1.30|0.33|0.99|1.03|1.04|1.00|1.20|1.04|1.34
Todd Woodbridge|0.99|1.03|1.04|0.99|1.00|1.02|0.99|1.00|1.23|0.66|1.03|1.02|0.99|1.03|1.00|0.97|1.05
Goran Prpic|1.02|1.05|1.08|1.05|0.96|1.01|1.02|1.01|1.19|0.74|0.92|1.00|1.00|1.00|0.97|0.92|1.05
Dmitry Tursunov|0.98|1.00|1.01|0.97|1.07|1.03|1.01|1.00|1.25|0.56|1.08|1.03|1.01|1.02|1.04|0.99|1.11
Luiz Mattar|0.95|0.92|0.94|0.85|1.01|1.05|1.03|1.02|1.23|0.57|1.00|1.04|1.01|1.02|1.04|0.99|1.08
Albert Montanes|0.96|0.99|1.00|0.88|0.94|0.96|0.94|0.98|1.22|0.60|1.03|0.97|0.96|1.02|1.00|0.95|1.06
Javier Sanchez|0.99|0.99|0.97|0.96|0.96|0.99|0.98|1.00|1.22|0.65|1.01|0.99|0.98|1.02|0.99|0.96|1.04
Carl Uwe Steeb|0.95|0.95|0.96|0.90|1.00|1.02|1.03|1.02|1.23|0.62|0.95|1.00|1.01|0.99|1.03|0.96|1.11
Jan Michael Gambill|1.02|0.96|0.95|1.09|1.10|1.00|1.01|1.01|1.25|0.57|0.94|0.99|0.99|1.00|1.03|0.98|1.12
Robby Ginepri|1.00|0.98|1.01|1.03|0.95|0.96|0.98|1.01|1.23|0.62|0.88|0.95|0.97|0.98|0.97|0.92|1.08
Agustin Calleri|1.05|1.03|1.02|1.14|1.01|1.04|1.05|1.01|1.24|0.63|0.95|1.03|1.03|0.99|0.97|0.95|1.04
Andrei Cherkasov|0.98|0.99|1.05|0.91|0.98|0.96|0.98|1.01|1.20|0.66|0.94|0.95|0.97|0.98|1.01|0.97|1.04
Florian Mayer|0.97|0.97|0.95|0.95|0.97|0.98|0.97|1.00|1.23|0.62|0.96|0.98|0.97|1.01|1.00|0.94|1.10
Hicham Arazi|0.98|0.98|1.00|0.94|0.99|1.00|1.00|1.00|1.22|0.63|1.08|1.00|1.01|0.99|1.01|0.97|1.05
Marcelo Filippini|0.98|0.98|1.01|0.89|0.93|1.00|1.02|1.01|1.19|0.66|1.11|0.99|1.01|0.98|0.99|0.98|0.98
Bernard Tomic|0.94|0.94|0.90|0.89|0.99|1.02|1.03|1.00|1.26|0.50|1.09|1.02|1.03|0.99|1.03|0.99|1.06
Jacco Eltingh|0.94|0.95|0.93|0.81|0.95|0.94|0.95|0.98|1.25|0.48|1.18|0.96|0.97|0.99|1.02|0.97|1.06
Marcel Granollers|0.97|0.95|0.94|0.89|0.93|0.91|0.91|0.98|1.21|0.61|0.91|0.92|0.93|1.00|0.99|0.93|1.07
Paul Henri Mathieu|0.99|1.04|1.04|0.98|1.00|0.95|0.98|1.00|1.25|0.58|1.00|0.95|0.98|0.97|1.01|0.96|1.09
Richard Fromberg|1.00|0.95|0.92|0.97|1.00|0.94|0.95|0.99|1.24|0.57|0.95|0.95|0.96|0.99|1.00|0.97|1.06
Taylor Dent|1.02|1.05|1.04|1.06|1.02|1.03|1.05|1.01|1.24|0.59|1.05|1.02|1.04|0.98|1.00|0.94|1.11
Fernando Meligeni|0.99|0.99|0.99|0.99|1.02|0.97|0.98|1.00|1.21|0.68|0.94|0.97|0.98|0.99|1.01|0.97|1.08
Franco Squillari|0.98|1.01|1.05|0.97|0.98|0.98|0.99|1.01|1.21|0.69|0.77|0.96|0.98|0.99|1.00|0.99|1.02
Igor Andreev|1.02|1.00|1.00|1.04|0.98|1.01|1.01|1.00|1.25|0.58|0.93|1.01|1.01|1.00|0.98|0.94|1.07
Joachim Johansson|1.03|1.00|1.07|1.32|1.15|1.09|1.10|1.02|1.29|0.43|0.97|1.07|1.08|0.99|1.01|1.01|1.09
Jose Acasuso|0.99|0.98|1.01|1.01|0.99|1.03|1.01|1.01|1.24|0.61|0.95|1.02|1.01|1.02|1.00|0.97|1.06
Paul Annacone|0.85|0.80|0.86|0.55|1.06|1.14|1.11|1.07|1.22|0.43|1.01|1.07|1.04|1.03|1.14|1.03|1.20
Peter Lundgren|0.92|0.98|1.00|0.78|0.87|0.97|0.97|1.03|1.23|0.57|0.90|0.94|0.94|1.00|0.99|0.96|1.01
Richey Reneberg|1.04|1.06|1.05|1.11|1.00|1.07|1.05|1.02|1.23|0.67|1.05|1.05|1.03|1.02|0.98|0.95|1.04
Viktor Troicki|1.01|0.95|0.91|1.00|1.00|1.04|1.01|1.00|1.23|0.61|1.00|1.04|1.01|1.03|1.00|0.95|1.07
Bernd Karbacher|0.97|0.94|0.96|0.88|0.96|0.92|0.93|0.98|1.21|0.62|1.10|0.94|0.95|0.99|1.00|0.98|1.03
Byron Black|1.01|1.04|1.10|1.02|1.01|1.05|1.03|1.01|1.22|0.66|0.99|1.04|1.01|1.02|1.00|0.97|1.05
David Pate|0.89|0.86|0.88|0.69|0.99|1.08|1.06|1.05|1.20|0.54|0.97|1.03|1.01|1.02|1.07|0.98|1.14
Martin Verkerk|0.95|0.92|0.99|0.91|1.06|0.92|0.95|0.99|1.25|0.49|1.10|0.93|0.96|0.97|1.05|0.96|1.20
Paul Haarhuis|1.00|0.98|0.98|1.00|1.07|1.02|1.00|1.01|1.24|0.62|0.93|1.01|0.99|1.02|1.03|0.98|1.11
Vincent Spadea|0.99|0.99|1.04|0.97|1.05|0.93|0.94|1.00|1.21|0.65|0.84|0.93|0.94|0.99|1.03|0.98|1.09
Albert Portas|0.94|0.95|0.98|0.84|0.94|0.86|0.89|0.97|1.19|0.65|0.93|0.88|0.91|0.97|1.01|0.96|1.06
Guillermo Garcia Lopez|0.97|1.01|1.02|0.91|0.97|0.92|0.93|0.99|1.22|0.62|0.97|0.94|0.94|0.99|1.00|0.97|1.05
Thomaz Bellucci|0.99|0.98|1.03|0.92|0.95|0.96|0.97|0.99|1.23|0.58|1.03|0.98|0.98|1.00|0.99|0.95|1.04
Andrea Gaudenzi|0.99|1.03|1.02|0.95|0.95|0.98|0.97|1.00|1.20|0.68|1.02|0.98|0.97|1.01|0.99|0.96|1.02
Bohdan Ulihrach|0.98|1.02|1.04|0.96|0.99|0.98|0.99|1.00|1.21|0.67|0.89|0.97|0.99|0.99|1.01|0.97|1.05
Kenneth Carlsen|0.98|0.95|0.93|0.93|1.03|0.97|0.97|1.00|1.26|0.50|1.04|0.97|0.98|0.99|1.03|0.99|1.06
Ronald Agenor|0.92|0.92|0.94|0.81|0.94|0.97|0.99|1.03|1.19|0.64|0.77|0.94|0.96|0.98|1.02|0.97|1.06
Slava Dosedel|1.02|1.02|1.05|1.04|0.99|1.00|1.00|1.00|1.19|0.74|1.02|1.00|1.00|1.00|0.99|0.96|1.02
Xavier Malisse|1.05|1.01|0.98|1.11|1.02|1.02|1.03|1.01|1.23|0.63|1.03|1.01|1.03|0.99|0.99|0.94|1.08
Darren Cahill|1.00|1.01|1.00|1.09|1.03|1.04|1.00|1.01|1.26|0.61|0.97|1.03|1.00|1.04|1.00|0.97|1.08
Filip Dewulf|0.94|1.00|0.98|0.91|1.06|0.89|0.94|1.00|1.23|0.62|0.81|0.89|0.94|0.95|1.06|0.99|1.15
Jarkko Nieminen|1.00|1.03|1.03|1.04|1.05|1.08|1.06|1.02|1.23|0.65|1.08|1.05|1.04|1.01|1.02|0.98|1.09
Leonardo Mayer|1.00|1.00|1.05|0.95|0.96|0.95|0.99|0.99|1.25|0.50|1.08|0.96|1.00|0.96|0.99|0.95|1.05
Renzo Furlan|0.99|0.99|0.98|0.96|0.97|0.97|0.95|0.99|1.20|0.68|1.01|0.98|0.96|1.02|0.99|0.95|1.06
Roberto Carretero|0.91|0.97|1.05|0.82|0.98|0.70|0.82|0.98|1.19|0.66|0.44|0.72|0.84|0.85|1.04|0.94|1.17
Horacio De La Pena|0.96|0.95|1.00|0.91|0.99|1.04|1.04|1.03|1.17|0.74|1.06|1.02|1.02|1.00|1.02|0.95|1.10
Nicolas Mahut|0.96|0.96|0.94|0.90|1.00|0.90|0.92|0.99|1.26|0.50|0.87|0.91|0.92|0.98|1.02|0.96|1.12
Sergiy Stakhovsky|0.95|0.92|0.90|0.83|0.91|0.91|0.94|0.99|1.24|0.51|1.00|0.91|0.95|0.96|0.99|0.96|1.03
Fernando Vicente|0.95|0.95|0.97|0.87|0.97|0.86|0.88|0.98|1.19|0.66|0.94|0.89|0.91|0.98|1.01|0.98|1.05
Franco Davin|0.97|0.98|0.98|0.94|0.99|1.01|1.03|1.02|1.15|0.77|1.05|0.99|1.01|0.98|1.01|0.96|1.08
Kelly Evernden|0.93|0.92|0.95|0.84|0.94|0.98|1.01|1.02|1.23|0.55|0.87|0.96|0.99|0.98|1.01|0.95|1.09
Nicklas Kulti|0.98|1.00|0.96|0.91|0.94|0.93|0.97|1.00|1.23|0.58|0.96|0.93|0.97|0.96|0.99|0.96|1.02
Paolo Cane|0.95|0.95|0.91|0.84|0.87|1.04|1.01|1.01|1.23|0.58|1.05|1.03|1.00|1.03|0.97|0.97|0.95
Stefan Koubek|0.96|0.96|1.01|0.85|0.97|0.93|0.94|0.98|1.20|0.62|1.13|0.95|0.95|1.00|1.01|0.96|1.07
Dan Goldie|0.89|0.94|0.91|0.70|0.96|1.06|1.03|1.03|1.20|0.56|1.12|1.03|1.00|1.03|1.06|1.03|1.03
Davide Sanguinetti|0.95|0.91|0.88|0.85|0.93|0.84|0.89|0.98|1.22|0.60|0.92|0.86|0.91|0.94|1.00|0.97|1.04
Gilles Muller|0.96|0.90|0.89|0.88|1.03|1.05|1.02|1.01|1.26|0.42|1.13|1.04|1.01|1.03|1.04|0.99|1.09
Karim Alami|0.97|0.95|0.91|0.86|0.92|0.95|0.95|0.99|1.21|0.60|1.01|0.95|0.95|1.00|0.98|0.96|1.01
Kyle Edmund|1.01|1.02|1.02|1.07|1.02|0.99|1.02|1.01|1.26|0.56|0.91|0.98|1.02|0.97|1.00|0.97|1.07
Derrick Rostagno|1.00|0.99|0.97|1.02|0.97|1.02|1.02|1.01|1.24|0.62|0.90|1.01|1.01|1.00|0.98|0.96|1.03
Jan Gunnarsson|0.90|0.93|0.86|0.78|0.98|1.00|1.00|1.01|1.16|0.68|1.20|0.99|0.99|1.00|1.04|0.96|1.15
Patrick McEnroe|0.99|1.05|1.10|1.00|1.06|0.93|0.95|0.99|1.23|0.67|0.91|0.94|0.96|0.98|1.03|1.02|1.05
Jerzy Janowicz|0.97|1.01|0.98|0.92|1.00|1.05|1.05|1.01|1.26|0.49|1.09|1.03|1.04|0.99|1.02|0.98|1.08
Julien Benneteau|0.97|1.00|1.00|0.93|0.94|0.97|0.97|0.99|1.23|0.59|1.02|0.97|0.98|0.99|0.99|0.94|1.05
Alberto Martin|0.96|0.99|1.02|0.86|0.98|0.91|0.91|0.97|1.19|0.65|1.04|0.94|0.93|1.00|1.02|0.97|1.07
David Prinosil|0.95|0.96|0.95|0.88|0.97|0.88|0.90|0.98|1.24|0.58|0.94|0.89|0.92|0.98|1.02|0.98|1.05
Javier Frana|1.07|0.99|0.97|1.15|1.11|0.99|0.98|0.98|1.25|0.59|0.96|1.01|1.00|1.01|1.01|0.98|1.07
Mike Bauer|0.92|1.00|0.63|0.83|1.67|0.94|0.98|1.02|1.03|0.88|1.09|0.92|0.96|0.96|1.29|1.17|1.51
Pedro Rebolledo|0.80|0.80|0.80|0.57|0.86|1.10|1.07|1.10|1.01|0.71|1.03|1.00|0.98|1.02|1.04|0.98|1.10
Victor Estrella|0.85|0.86|0.88|0.66|0.96|1.06|1.06|1.03|1.22|0.51|1.16|1.03|1.03|1.00|1.07|0.95|1.20
Christo Van Rensburg|0.99|1.06|1.05|0.90|0.89|1.03|1.04|1.02|1.21|0.60|1.08|1.00|1.02|0.98|0.96|0.95|0.98
Filippo Volandri|0.97|1.01|1.04|0.94|0.99|0.90|0.94|1.00|1.17|0.75|0.74|0.90|0.94|0.96|1.01|0.96|1.08
Jerome Golmard|0.97|1.01|1.03|0.99|1.01|1.01|1.05|1.01|1.25|0.59|1.08|1.00|1.04|0.97|1.01|0.96|1.10
Jim Grabb|0.97|0.94|0.90|0.92|0.94|0.96|0.98|1.00|1.25|0.53|0.95|0.95|0.98|0.98|0.99|0.97|1.02
Marc Kevin Goellner|0.97|0.95|0.93|0.92|0.99|0.91|0.93|0.99|1.25|0.53|0.82|0.91|0.94|0.97|1.01|0.95|1.10
Omar Camporese|0.97|0.96|0.93|0.95|1.10|0.99|1.00|1.01|1.24|0.60|1.09|0.98|1.00|0.98|1.06|0.99|1.15
Steve Darcis|0.95|0.97|0.96|0.84|0.98|0.95|0.98|1.00|1.23|0.56|1.14|0.96|0.98|0.97|1.02|0.95|1.11
Andreas Vinciguerra|0.96|0.97|0.96|0.98|1.19|0.93|0.94|1.00|1.24|0.62|0.86|0.93|0.94|0.99|1.10|1.04|1.14
Galo Blanco|0.93|0.93|0.96|0.80|0.96|0.84|0.88|0.97|1.21|0.59|1.13|0.87|0.91|0.96|1.03|0.99|1.06
Gilbert Schaller|0.99|1.00|1.02|0.97|0.96|0.94|0.94|0.98|1.17|0.75|1.02|0.95|0.95|1.00|0.99|0.95|1.03
Guido Pella|0.99|0.99|1.04|0.93|0.98|0.93|0.94|0.99|1.23|0.57|0.96|0.94|0.95|0.99|1.00|0.99|1.01
Jeremy Chardy|0.99|1.00|0.99|0.97|1.00|0.99|0.97|1.00|1.25|0.54|0.96|1.00|0.97|1.02|1.01|0.98|1.06
Mikael Tillstrom|0.97|0.99|1.02|0.93|0.98|1.00|1.00|0.99|1.22|0.63|1.20|1.01|1.00|1.01|1.01|0.98|1.05
Christian Bergstrom|1.00|1.01|1.03|1.05|1.03|1.00|1.02|1.01|1.23|0.70|0.93|0.98|1.01|0.98|1.01|0.97|1.07
Michiel Schapers|0.94|0.94|0.93|0.79|0.85|0.96|0.97|1.00|1.25|0.48|0.97|0.96|0.97|0.99|0.97|0.95|0.99
Andrei Olhovskiy|0.97|0.97|0.94|0.87|0.91|0.84|0.89|0.97|1.24|0.53|0.90|0.86|0.91|0.94|0.98|0.96|1.01
Andrew Ilie|0.92|0.92|0.96|0.80|0.91|0.89|0.92|0.97|1.23|0.56|1.08|0.92|0.95|0.97|1.01|1.00|0.99
Bryan Shelton|0.98|0.96|0.98|0.86|0.97|0.87|0.91|0.97|1.26|0.46|1.07|0.89|0.94|0.95|1.01|0.99|1.00
Carlos Berlocq|0.96|0.95|0.96|0.86|0.94|0.83|0.87|0.98|1.18|0.65|0.94|0.85|0.89|0.96|1.00|0.95|1.06
Christian Saceanu|0.91|0.92|0.88|0.69|0.88|0.81|0.88|0.98|1.22|0.49|0.95|0.82|0.90|0.92|1.00|0.94|1.05
David Sanchez|0.96|0.96|0.97|0.89|0.98|0.86|0.88|0.98|1.18|0.70|0.89|0.88|0.90|0.98|1.01|0.97|1.05
Denis Istomin|0.98|0.94|0.93|0.90|0.99|0.93|0.97|1.00|1.24|0.52|1.06|0.94|0.97|0.96|1.02|0.96|1.08
Florent Serra|0.92|0.95|0.94|0.82|0.99|0.86|0.86|0.98|1.23|0.58|0.94|0.88|0.88|1.00|1.04|0.99|1.09
Francesco Cancellotti|0.90|0.91|0.78|0.63|0.67|1.04|1.07|1.06|1.10|0.61|1.07|0.98|1.01|0.97|0.87|0.85|0.87
Jaime Oncins|0.98|1.02|1.00|0.93|0.92|0.90|0.96|0.98|1.18|0.71|1.05|0.91|0.98|0.93|0.97|0.96|0.98
Jan Kroslak|0.92|0.96|0.98|0.79|0.95|0.91|0.91|0.98|1.22|0.58|1.06|0.93|0.92|1.01|1.03|1.02|1.01
Jeff Tarango|0.98|1.03|1.03|0.96|1.02|0.90|0.93|0.99|1.22|0.65|0.86|0.91|0.93|0.98|1.02|0.99|1.07
Jonathan Stark|1.03|0.97|0.91|1.01|0.96|0.94|0.97|0.99|1.26|0.51|1.01|0.95|0.97|0.97|0.97|0.94|1.04
Julian Alonso|0.92|0.96|0.98|0.84|0.96|0.92|0.88|0.99|1.20|0.65|0.84|0.93|0.89|1.04|1.02|0.97|1.09
Kelly Jones|0.86|0.87|0.80|0.68|0.88|0.77|0.84|0.97|1.22|0.55|1.37|0.79|0.87|0.91|1.04|1.04|0.97
Luis Horna|0.95|0.98|0.96|0.91|0.97|1.00|1.04|1.02|1.25|0.55|1.04|0.97|1.02|0.96|1.01|0.96|1.09
Marian Vajda|0.91|0.95|1.03|0.74|0.91|0.91|0.92|0.99|1.12|0.70|1.01|0.92|0.92|1.00|1.00|0.95|1.05
Martin Sinner|0.91|0.99|0.99|0.75|0.84|0.81|0.81|0.97|1.23|0.53|0.80|0.83|0.83|1.00|0.97|0.89|1.08
Nicolas Pereira|0.92|0.90|0.83|0.71|0.86|0.81|0.88|0.98|1.24|0.46|0.97|0.83|0.90|0.92|1.00|0.97|1.00
Olivier Rochus|0.97|1.06|1.09|0.92|1.01|0.94|0.94|0.99|1.22|0.64|0.88|0.95|0.95|1.00|1.03|0.97|1.09
Patrick Baur|0.95|0.93|0.95|0.78|0.92|0.78|0.84|0.96|1.22|0.53|0.99|0.82|0.88|0.93|1.01|0.99|0.98
Rajeev Ram|0.89|0.87|0.81|0.69|0.88|0.79|0.86|0.96|1.24|0.45|1.19|0.82|0.90|0.91|1.01|0.94|1.09
Simon Youl|0.95|0.93|0.92|0.81|0.94|0.82|0.85|0.98|1.22|0.56|0.82|0.83|0.87|0.96|1.01|0.97|1.05
Stefano Pescosolido|0.93|0.96|0.94|0.85|0.90|0.83|0.89|0.98|1.21|0.63|1.00|0.85|0.91|0.94|0.99|0.94|1.06
Tomas Carbonell|0.98|1.01|1.00|0.93|0.99|0.94|0.95|0.99|1.17|0.73|0.93|0.95|0.95|0.99|1.01|0.97|1.06
Yahiya Doumbia|1.07|1.08|1.19|1.56|1.11|1.04|1.04|1.00|1.29|0.72|0.80|1.03|1.04|1.00|0.98|1.00|1.05
Adrian Voinea|0.95|0.94|0.96|0.82|0.93|0.89|0.92|0.98|1.20|0.60|1.06|0.91|0.94|0.97|1.00|0.93|1.08
Alex Obrien|0.94|0.95|0.94|0.81|0.96|0.83|0.90|0.98|1.22|0.55|1.13|0.85|0.92|0.92|1.02|0.97|1.08
Andrey Golubev|0.88|0.88|0.93|0.73|0.98|0.76|0.87|0.99|1.22|0.55|0.88|0.77|0.88|0.88|1.06|0.97|1.16
Arnaud Di Pasquale|0.96|0.98|1.01|0.89|0.95|0.84|0.89|0.99|1.19|0.68|0.84|0.85|0.90|0.94|1.00|0.93|1.10
Diego Perez|0.94|0.94|1.07|0.78|0.80|1.00|1.02|1.03|1.13|0.68|0.84|0.98|1.00|0.98|0.93|0.93|0.93
Horacio Zeballos|0.88|0.89|0.91|0.73|0.98|0.84|0.86|0.98|1.25|0.47|0.93|0.86|0.88|0.98|1.07|0.98|1.16
Jonathan Canter|0.89|0.85|0.91|0.58|0.68|0.86|0.92|1.01|1.25|0.41|0.79|0.85|0.91|0.94|0.92|0.95|0.82
Leander Paes|0.92|0.91|0.92|0.78|0.87|1.05|1.06|1.05|1.24|0.53|0.91|1.00|1.01|0.99|0.98|0.95|1.02
Milan Srejber|0.73|0.69|0.85|0.20|0.34|1.10|1.12|1.10|1.23|0.17|1.18|1.00|1.02|0.98|0.93|0.94|0.52
Mischa Zverev|0.94|0.93|0.89|0.81|0.97|0.82|0.87|0.97|1.22|0.55|0.93|0.84|0.90|0.94|1.03|0.97|1.07
Pablo Arraya|0.92|0.92|0.88|0.82|0.96|1.03|1.02|1.02|1.20|0.64|1.00|1.01|1.00|1.01|1.02|0.95|1.13
Philipp Petzschner|0.97|0.94|0.91|0.88|0.91|0.91|0.95|0.98|1.24|0.54|1.12|0.93|0.96|0.97|0.98|0.93|1.06
Scott Draper|0.95|0.93|0.93|0.82|0.98|0.92|0.92|0.98|1.24|0.51|1.08|0.94|0.94|1.00|1.03|0.97|1.08
Sergio Casal|0.90|0.90|0.91|0.67|0.55|0.96|0.96|1.03|1.11|0.64|0.72|0.94|0.93|1.00|0.74|0.61|0.92
Shuzo Matsuoka|1.01|0.95|0.95|1.02|1.07|0.94|1.00|0.99|1.26|0.53|1.02|0.95|1.00|0.95|1.02|0.97|1.11
Thomas Hogstedt|0.86|0.88|0.94|0.66|0.88|0.78|0.85|0.97|1.17|0.59|0.93|0.80|0.87|0.92|1.02|0.91|1.15
Ulf Stenlund|1.01|1.02|0.96|1.09|1.36|1.07|1.06|1.02|1.17|0.84|0.87|1.06|1.04|1.02|1.16|0.78|1.77
Victor Hanescu|0.97|0.95|0.93|0.92|0.99|0.91|0.95|0.99|1.25|0.54|0.93|0.92|0.95|0.96|1.01|0.98|1.06
Wesley Moodie|0.94|0.87|0.89|0.77|0.90|0.92|0.94|0.99|1.26|0.40|0.99|0.93|0.95|0.98|1.00|0.95|1.05
Alexander Popp|0.95|0.98|0.98|0.83|0.99|0.83|0.90|0.97|1.22|0.58|0.99|0.86|0.93|0.93|1.03|0.96|1.11
Bart Wuyts|0.90|0.99|1.03|0.77|0.91|0.86|0.87|0.99|1.08|0.77|1.20|0.87|0.88|0.99|1.01|0.98|1.03
Christophe Rochus|0.89|0.96|0.96|0.72|0.85|0.73|0.80|0.95|1.16|0.64|0.92|0.77|0.85|0.91|0.99|0.94|1.03
Cristiano Caratti|0.92|0.94|0.98|0.75|0.89|0.79|0.83|0.96|1.19|0.60|0.93|0.82|0.87|0.95|1.00|0.95|1.03
Harel Levy|0.91|0.88|0.86|0.74|0.96|0.81|0.85|0.99|1.21|0.57|0.77|0.82|0.86|0.95|1.05|0.99|1.09
Henrik Holm|0.99|0.99|0.92|0.96|1.00|0.93|0.95|0.99|1.25|0.58|0.87|0.94|0.96|0.98|1.01|0.99|1.04
Hyeon Chung|1.05|1.11|1.08|1.16|0.99|1.05|1.03|1.02|1.23|0.67|0.74|1.03|1.00|1.02|0.97|0.91|1.10
Patrik Kuhnen|0.94|0.95|0.92|0.85|0.98|0.93|0.96|1.00|1.24|0.56|1.05|0.93|0.96|0.97|1.03|0.97|1.10
Thierry Champion|0.94|0.95|0.99|0.82|0.90|0.79|0.87|0.96|1.17|0.67|0.90|0.82|0.90|0.91|0.98|0.91|1.07
Vladimir Voltchkov|0.93|0.95|0.99|0.76|0.85|0.91|0.96|1.00|1.22|0.54|0.97|0.91|0.97|0.94|0.98|0.94|1.00
Alex Antonitsch|0.94|0.93|0.90|0.84|1.02|0.87|0.91|0.98|1.22|0.59|1.17|0.89|0.94|0.95|1.05|1.00|1.09
Alex Calatrava|0.93|0.90|0.87|0.84|1.01|0.78|0.84|0.98|1.22|0.58|0.78|0.79|0.86|0.93|1.05|0.97|1.14
Antony Dupuis|0.93|0.90|0.89|0.76|0.93|0.82|0.87|0.97|1.25|0.47|1.10|0.84|0.90|0.94|1.02|0.99|1.03
Benjamin Becker|0.94|0.94|0.90|0.82|0.91|0.84|0.86|0.98|1.24|0.50|0.85|0.86|0.88|0.98|1.00|0.93|1.10
Carsten Arriens|0.94|0.92|0.89|0.89|1.01|0.89|0.96|0.98|1.20|0.68|0.83|0.91|0.97|0.93|1.03|0.97|1.11
Christian Miniussi|0.97|1.00|0.96|0.89|0.88|0.84|0.87|0.96|1.18|0.68|0.67|0.87|0.90|0.97|0.95|0.93|0.99
Chuck Adams|0.97|0.97|0.96|0.91|0.90|0.95|0.98|0.99|1.25|0.54|1.00|0.96|0.98|0.97|0.97|0.95|1.00
Claudio Mezzadri|0.95|0.96|1.00|0.82|0.95|0.94|0.97|1.01|1.19|0.62|1.06|0.93|0.96|0.97|1.01|0.98|1.03
Claudio Pistolesi|0.93|0.92|0.96|0.81|0.97|0.84|0.87|0.97|1.18|0.66|0.87|0.87|0.90|0.97|1.03|0.99|1.07
Daniele Bracciali|0.90|0.91|0.89|0.70|0.87|0.81|0.83|0.97|1.25|0.45|0.99|0.83|0.86|0.97|1.01|0.97|1.02
Dimitri Poliakov|0.95|0.97|0.94|0.85|0.95|0.87|0.90|0.99|1.17|0.68|0.86|0.88|0.91|0.97|1.01|1.02|0.97
Eric Jelen|0.88|0.90|0.90|0.75|0.98|1.04|1.03|1.03|1.21|0.62|0.92|1.02|1.00|1.02|1.06|1.00|1.11
Frederic Fontang|0.90|0.90|0.90|0.75|0.86|0.67|0.76|0.94|1.11|0.73|0.72|0.71|0.81|0.87|0.98|0.97|0.99
Gabriel Markus|0.96|0.98|1.04|0.91|1.01|0.91|0.95|0.98|1.21|0.66|0.96|0.93|0.96|0.97|1.03|0.96|1.11
Gianluca Pozzi|0.95|0.93|0.92|0.83|0.93|0.83|0.85|0.96|1.21|0.60|1.07|0.86|0.89|0.97|1.00|0.96|1.04
Guillaume Raoux|0.97|0.97|0.99|0.89|0.97|0.89|0.95|0.99|1.24|0.55|1.07|0.91|0.96|0.95|1.01|0.96|1.07
Hernan Gumy|0.99|1.02|1.07|0.98|0.99|0.95|0.98|1.00|1.20|0.68|1.04|0.95|0.98|0.97|1.00|0.94|1.08
Hyung Taik Lee|0.97|1.00|0.98|0.88|0.88|1.00|1.04|1.03|1.22|0.58|1.00|0.98|1.01|0.96|0.96|0.94|0.99
Igor Kunitsyn|0.90|0.92|0.96|0.71|0.89|0.77|0.80|0.95|1.18|0.59|1.02|0.81|0.84|0.96|1.01|0.95|1.05
Ivan Dodig|0.99|0.96|0.98|0.93|1.02|0.92|0.95|0.99|1.23|0.57|1.05|0.93|0.96|0.97|1.02|0.95|1.11
Jan Vacek|0.90|0.88|0.89|0.70|0.90|0.69|0.75|0.95|1.21|0.53|1.01|0.73|0.79|0.92|1.02|0.95|1.07
Jared Palmer|0.97|0.99|1.00|0.97|1.12|0.93|0.97|0.99|1.25|0.60|0.98|0.94|0.98|0.96|1.06|1.01|1.12
Jeremy Bates|0.90|0.92|0.91|0.75|0.90|0.84|0.89|0.98|1.22|0.56|1.01|0.86|0.90|0.95|1.02|0.97|1.06
Jerome Haehnel|0.83|0.85|0.89|0.55|0.74|0.66|0.73|0.93|1.21|0.46|1.07|0.71|0.79|0.90|0.97|0.89|1.05
Jim Pugh|0.84|0.82|0.88|0.55|0.80|1.02|1.01|1.06|1.11|0.56|1.03|0.96|0.96|1.00|1.01|0.94|1.03
Jordi Burillo|0.95|0.95|0.93|0.88|0.96|0.85|0.90|0.98|1.20|0.65|0.83|0.87|0.91|0.95|1.01|0.94|1.11
Jose Francisco Altur|0.87|0.85|0.86|0.66|0.86|0.68|0.72|0.95|1.18|0.58|0.79|0.71|0.76|0.94|1.01|0.95|1.05
Juan Antonio Marin|0.91|0.91|0.94|0.76|0.98|0.82|0.80|0.96|1.15|0.67|0.86|0.85|0.83|1.02|1.04|0.98|1.10
Juan Balcells|0.98|0.96|0.99|0.97|1.08|0.92|0.95|1.00|1.26|0.54|0.66|0.92|0.95|0.97|1.05|1.02|1.07
Julien Boutter|0.93|0.94|0.99|0.83|1.03|0.87|0.87|0.98|1.24|0.53|0.82|0.88|0.89|1.00|1.06|1.00|1.11
Lars Burgsmuller|0.93|0.94|0.96|0.76|0.93|0.76|0.79|0.96|1.20|0.58|0.77|0.80|0.83|0.96|1.01|0.96|1.07
Leonardo Lavalle|0.95|0.92|0.91|0.75|0.80|0.87|0.90|0.99|1.19|0.57|0.98|0.88|0.91|0.96|0.94|0.92|0.96
Libor Pimek|0.85|0.96|0.96|0.57|0.83|1.10|1.05|1.05|1.00|0.67|1.19|1.04|0.99|1.05|0.96|0.82|1.17
Mark Koevermans|0.93|0.92|0.88|0.80|0.87|0.95|0.96|1.02|1.18|0.64|0.72|0.94|0.94|0.99|0.98|0.92|1.04
Markus Zoecke|0.91|0.90|0.91|0.77|0.93|0.81|0.89|0.98|1.25|0.46|1.05|0.82|0.90|0.91|1.02|0.97|1.07
Mauricio Hadad|0.93|0.92|0.95|0.84|0.89|1.13|1.10|1.04|1.19|0.66|1.28|1.09|1.05|1.03|0.99|0.98|0.99
Michal Tabara|0.94|0.98|1.01|0.82|0.91|0.87|0.88|0.96|1.17|0.67|0.91|0.90|0.92|0.98|0.99|0.93|1.05
Nduka Odizor|0.83|0.89|0.78|0.33|0.36|0.94|0.97|1.04|1.22|0.27|1.22|0.90|0.93|0.97|0.65|0.59|0.70
Neville Godwin|0.94|0.96|0.94|0.86|1.04|0.80|0.84|0.98|1.23|0.59|0.93|0.82|0.86|0.95|1.05|0.99|1.12
Nicklas Kroon|0.83|0.88|0.87|0.55|0.88|0.91|0.98|1.01|1.18|0.50|1.53|0.90|0.96|0.93|1.06|0.99|1.08
Paolo Lorenzi|0.91|0.92|0.92|0.74|0.89|0.77|0.82|0.96|1.22|0.54|0.90|0.80|0.85|0.95|1.00|0.95|1.05
Peter Doohan|0.58|0.76|1.09|0.29|0.86|0.88|0.94|1.09|1.23|0.33|0.99|0.81|0.86|0.94|1.02|0.70|2.14
Peter Wessels|0.97|0.93|0.92|0.85|0.98|0.87|0.92|0.99|1.24|0.48|0.92|0.88|0.93|0.94|1.02|0.94|1.13
