name|1st Serve %|1st Serve Won %|2nd Serve Won %|1st Serve Effectiveness|Serve Rating|Service Points Won %|Svc. In-play Pts. Won %|Points per Service Game|Pts. Lost per Svc. Game|Break Points Saved %|BPs per Svc. Game|BPs Faced per Set|BPs Faced per Match|Service Games Won %|Svc. Gms. Lost per Set|Svc. Gms. Lost per Match
Carlos Alcaraz Garfia|64.3|69.4|53.5|1.30|328|63.7|64.3|6.37|2.31|61.3|0.55|2.62|6.7|78.7|1.02|2.6
Rafael Nadal|68.1|72.2|57.3|1.26|352|67.4|67.6|6.11|1.99|66.3|0.42|1.98|5.1|85.8|0.67|1.7
Casper Ruud|65.0|72.2|54.1|1.34|340|65.9|65.6|6.22|2.12|62.2|0.44|2.16|5.2|83.2|0.81|2.0
Stefanos Tsitsipas|62.1|76.2|54.7|1.39|350|68.0|67.0|6.15|1.96|64.3|0.39|1.95|5.0|86.1|0.70|1.8
Novak Djokovic|64.9|73.9|55.4|1.33|350|67.4|67.0|6.16|2.01|65.4|0.41|1.95|5.1|85.9|0.67|1.8
Felix Auger Aliassime|64.0|75.4|50.1|1.51|343|66.3|65.5|6.24|2.11|63.7|0.47|2.31|5.7|83.1|0.84|2.1
Daniil Medvedev|60.7|75.6|51.9|1.46|342|66.3|65.4|6.22|2.10|63.2|0.44|2.11|5.4|83.7|0.78|2.0
Andrey Rublev|60.3|74.8|50.7|1.48|336|65.2|64.4|6.25|2.18|62.7|0.48|2.34|5.9|82.0|0.87|2.2
Taylor Harry Fritz|59.1|75.3|51.1|1.47|339|65.4|63.2|6.36|2.20|62.3|0.46|2.30|6.0|82.5|0.87|2.3
Hubert Hurkacz|63.1|74.7|51.6|1.45|347|66.2|63.9|6.34|2.15|64.8|0.45|2.27|5.9|84.2|0.80|2.1
Holger Vitus Nodskov Rune|63.8|71.7|52.2|1.37|329|64.6|65.5|6.25|2.21|59.8|0.49|2.40|5.7|80.3|0.96|2.3
Alexander Zverev|64.9|74.4|49.7|1.50|337|65.7|65.5|6.19|2.12|60.3|0.45|2.17|5.8|82.2|0.86|2.3
Pablo Carreno Busta|65.2|69.3|52.4|1.32|330|63.4|63.0|6.37|2.33|61.4|0.54|2.62|6.7|79.0|1.01|2.6
Cameron Norrie|65.3|70.1|49.6|1.41|328|63.0|63.3|6.38|2.36|61.9|0.55|2.65|6.6|79.0|1.01|2.5
Jannik Sinner|59.6|71.6|52.5|1.36|330|63.9|63.5|6.44|2.33|63.0|0.53|2.57|6.3|80.4|0.95|2.3
Matteo Berrettini|62.9|78.1|53.2|1.47|360|68.8|66.4|6.14|1.91|68.5|0.39|1.93|5.2|87.8|0.61|1.6
Marin Cilic|56.8|76.9|52.3|1.47|342|66.3|64.6|6.24|2.10|64.0|0.45|2.21|5.8|83.8|0.80|2.1
Denis Shapovalov|59.5|76.0|51.7|1.47|341|66.1|67.2|6.28|2.13|66.2|0.47|2.35|6.2|84.0|0.80|2.1
Frances Tiafoe|61.3|71.3|51.7|1.38|331|63.7|62.6|6.46|2.34|61.5|0.52|2.58|7.0|79.9|0.99|2.7
Karen Khachanov|62.2|73.5|51.5|1.43|339|65.1|63.9|6.40|2.23|63.5|0.49|2.40|6.4|82.1|0.88|2.3
Roberto Bautista Agut|66.0|69.9|53.8|1.30|333|64.4|64.6|6.29|2.24|61.8|0.51|2.48|6.4|80.4|0.95|2.4
Nick Kyrgios|65.6|77.6|53.4|1.45|366|69.3|65.8|6.18|1.90|66.8|0.34|1.73|4.6|88.6|0.57|1.5
Lorenzo Musetti|65.7|68.4|51.2|1.34|323|62.5|62.6|6.37|2.39|58.6|0.55|2.64|6.5|77.3|1.09|2.7
Alex De Minaur|60.8|69.9|52.8|1.32|325|63.2|63.5|6.51|2.40|61.3|0.55|2.64|6.8|78.6|1.02|2.6
Diego Sebastian Schwartzman|62.8|65.9|50.1|1.32|307|60.0|61.3|6.48|2.59|56.8|0.64|2.99|7.7|72.5|1.29|3.3
Borna Coric|62.2|72.3|52.9|1.37|336|65.0|64.0|6.32|2.21|62.2|0.49|2.40|6.2|81.4|0.90|2.3
Daniel Evans|61.4|70.4|50.9|1.38|324|62.9|63.1|6.49|2.41|62.0|0.59|2.82|7.6|77.7|1.07|2.9
Grigor Dimitrov|62.4|74.4|51.2|1.45|337|65.7|65.6|6.27|2.15|62.7|0.47|2.34|6.0|82.4|0.87|2.2
Miomir Kecmanovic|60.9|69.6|53.7|1.30|327|63.4|63.2|6.51|2.38|62.6|0.58|2.81|6.9|78.2|1.05|2.6
Francisco Cerundolo|62.5|66.3|50.6|1.31|317|60.4|61.6|6.58|2.61|63.1|0.68|3.24|8.0|74.8|1.20|2.9
Alejandro Davidovich Fokina|67.8|64.6|49.2|1.31|309|59.7|60.7|6.60|2.66|56.8|0.66|3.14|8.2|71.7|1.36|3.6
Tommy Paul|61.0|70.0|51.6|1.35|323|62.8|62.6|6.40|2.38|59.8|0.54|2.66|6.7|78.1|1.07|2.7
Sebastian Korda|64.4|69.8|50.6|1.38|331|63.0|62.4|6.48|2.40|63.2|0.56|2.72|6.8|79.4|1.00|2.5
Maxime Cressy|61.7|78.9|53.6|1.47|356|69.2|70.8|6.19|1.91|65.1|0.34|1.76|4.6|88.0|0.61|1.6
Botic Van De Zandschulp|63.2|72.0|48.4|1.49|328|63.3|63.5|6.47|2.37|63.4|0.58|2.83|7.2|78.6|1.03|2.6
Yoshihito Nishioka|65.7|63.9|53.3|1.20|315|60.3|60.6|6.50|2.59|58.6|0.66|3.07|7.9|72.8|1.27|3.3
Alexander Bublik|58.2|76.5|44.8|1.71|329|63.3|62.5|6.45|2.37|62.1|0.54|2.66|6.6|79.5|1.01|2.5
Reilly Opelka|63.9|79.2|55.2|1.44|375|70.5|65.2|6.20|1.83|68.2|0.31|1.65|4.2|90.1|0.52|1.3
Albert Ramos|62.1|67.7|51.6|1.31|319|61.6|62.0|6.51|2.50|60.5|0.60|2.90|7.3|76.2|1.15|2.9
Emil Ruusuvuori|65.7|69.1|49.5|1.40|318|62.4|63.4|6.33|2.38|57.3|0.57|2.70|6.6|75.8|1.15|2.8
John Isner|69.1|78.7|56.0|1.41|385|71.7|66.3|6.16|1.74|70.8|0.28|1.50|4.0|91.8|0.44|1.2
Jack Draper|59.2|75.0|50.3|1.49|341|64.9|63.8|6.51|2.28|68.4|0.58|2.81|6.1|81.7|0.89|1.9
Sebastian Baez|72.5|63.5|52.6|1.21|322|60.5|61.2|6.54|2.58|59.4|0.64|2.98|7.2|73.9|1.21|2.9
Arthur Rinderknech|65.3|74.9|48.9|1.53|350|65.9|62.8|6.35|2.17|66.1|0.46|2.24|5.8|84.4|0.76|2.0
Lorenzo Sonego|65.2|72.7|51.1|1.42|339|65.2|64.0|6.41|2.23|63.0|0.48|2.39|6.1|82.2|0.89|2.2
Adrian Mannarino|60.4|69.5|50.8|1.37|319|62.1|61.9|6.42|2.43|59.1|0.58|2.77|7.0|76.2|1.13|2.9
Brandon Nakashima|62.2|74.8|54.2|1.38|343|67.0|65.2|6.21|2.05|60.5|0.41|2.08|5.0|83.6|0.82|2.0
Jenson Brooksby|64.7|67.6|51.4|1.31|319|61.9|61.6|6.44|2.45|57.7|0.57|2.67|6.6|75.7|1.13|2.8
Andy Murray|58.1|74.4|51.7|1.44|334|64.9|63.8|6.29|2.21|62.2|0.48|2.30|6.1|81.7|0.87|2.3
Alex Molcan|65.1|66.8|52.8|1.26|324|61.9|62.0|6.49|2.47|61.1|0.61|2.92|7.3|76.4|1.14|2.8
Corentin Moutet|68.0|64.7|48.3|1.34|308|59.4|60.7|6.52|2.64|56.6|0.66|3.23|8.7|71.3|1.40|3.8
Gael Monfils|62.4|72.9|49.8|1.46|333|64.2|63.3|6.33|2.26|61.5|0.50|2.41|6.3|80.8|0.93|2.4
David Goffin|58.2|71.5|50.3|1.42|320|62.6|62.8|6.42|2.40|60.0|0.56|2.69|6.9|77.4|1.08|2.8
Filip Krajinovic|63.9|68.6|51.0|1.35|324|62.3|61.5|6.43|2.43|60.8|0.60|2.89|7.2|76.5|1.13|2.8
Fabio Fognini|59.1|67.5|48.4|1.39|303|59.7|61.2|6.58|2.65|57.2|0.65|3.09|8.0|72.0|1.32|3.4
Marc Andrea Huesler|60.1|74.5|53.5|1.39|342|66.1|63.9|6.39|2.16|62.1|0.44|2.19|5.4|83.4|0.83|2.0
Jaume Munar|64.3|67.7|47.4|1.43|313|60.4|61.0|6.67|2.64|59.4|0.65|3.19|8.0|73.5|1.30|3.2
Aslan Karatsev|59.2|70.4|50.3|1.40|320|62.2|63.5|6.56|2.48|61.8|0.59|2.82|7.4|77.3|1.08|2.8
Benjamin Bonzi|59.7|72.2|50.4|1.43|329|63.4|62.2|6.44|2.36|61.8|0.53|2.64|6.6|79.7|1.01|2.5
Marcos Giron|60.8|70.7|49.9|1.42|323|62.5|61.6|6.50|2.44|60.5|0.57|2.83|7.3|77.4|1.12|2.9
Pedro Martinez Portero|65.4|65.3|49.6|1.32|313|59.9|61.4|6.71|2.69|60.2|0.66|3.16|8.0|73.9|1.26|3.2
Mackenzie Mcdonald|64.1|68.9|50.6|1.36|324|62.4|61.8|6.44|2.43|60.0|0.57|2.76|7.4|77.1|1.10|3.0
Quentin Halys|59.3|74.7|43.5|1.72|324|62.0|61.8|6.63|2.52|63.2|0.60|3.11|8.9|77.9|1.14|3.3
Jeffrey John Wolf|58.2|71.2|48.8|1.46|315|61.8|61.2|6.37|2.43|57.0|0.56|2.64|6.5|75.8|1.14|2.8
Daniel Elahi Galan Riveros|63.1|68.5|50.5|1.36|319|61.9|60.8|6.49|2.47|57.8|0.57|2.71|7.0|75.8|1.14|3.0
Richard Gasquet|61.5|72.9|53.0|1.37|334|65.2|64.8|6.25|2.17|60.7|0.47|2.26|5.7|81.6|0.89|2.2
Mikael Ymer|67.0|64.6|47.9|1.35|305|59.1|60.3|6.61|2.71|56.0|0.66|3.13|8.1|70.9|1.38|3.6
Laslo Djere|59.9|70.7|50.2|1.41|321|62.5|62.8|6.50|2.44|60.7|0.57|2.85|7.2|77.4|1.12|2.8
Thiago Monteiro|65.7|71.2|51.3|1.39|334|64.3|63.7|6.33|2.26|62.3|0.54|2.66|6.9|79.6|1.00|2.6
Bernabe Zapata Miralles|63.4|62.1|48.1|1.29|295|57.0|57.4|6.55|2.82|56.2|0.79|3.81|9.1|65.2|1.67|4.0
Ilya Ivashka|61.6|72.0|49.7|1.45|327|63.5|63.0|6.48|2.37|60.7|0.53|2.61|6.7|79.1|1.03|2.6
Roberto Carballes Baena|62.6|66.6|49.6|1.34|309|60.2|61.3|6.53|2.60|57.6|0.64|3.02|7.5|72.8|1.28|3.2
Federico Coria|66.9|63.0|49.2|1.28|304|58.4|58.9|6.58|2.74|56.5|0.73|3.41|8.6|68.1|1.48|3.8
Oscar Otte|58.0|75.9|49.7|1.53|333|64.9|64.3|6.36|2.23|62.0|0.49|2.40|6.4|81.3|0.91|2.4
Kamil Majchrzak|60.3|71.3|50.8|1.40|325|63.2|62.7|6.39|2.35|61.1|0.55|2.67|7.0|78.4|1.04|2.7
Christopher Oconnell|63.2|71.7|50.8|1.41|337|64.0|62.2|6.51|2.34|64.8|0.55|2.84|8.4|80.7|1.00|2.9
Tomas Martin Etcheverry|68.5|64.2|47.5|1.35|308|58.9|58.6|6.53|2.68|55.8|0.69|3.24|7.5|69.7|1.43|3.3
Dusan Lajovic|66.3|67.7|52.0|1.30|326|62.4|62.1|6.44|2.42|60.0|0.57|2.78|7.1|77.2|1.11|2.8
Jiri Lehecka|64.1|66.2|50.2|1.32|319|60.4|60.2|6.77|2.68|61.7|0.66|3.16|7.8|74.6|1.21|3.0
Joao Sousa|60.9|69.5|49.2|1.41|314|61.6|61.5|6.44|2.48|57.9|0.59|2.84|7.4|75.0|1.20|3.1
Soon Woo Kwon|60.6|69.8|51.2|1.36|320|62.5|62.8|6.43|2.41|59.1|0.56|2.68|7.3|77.2|1.10|3.0
Jordan Thompson|62.6|70.8|49.0|1.45|325|62.7|61.4|6.34|2.37|59.8|0.56|2.72|7.3|77.5|1.10|2.9
Christian Garin|61.0|68.8|49.2|1.40|315|61.1|61.4|6.51|2.53|60.4|0.64|3.09|8.1|74.5|1.23|3.2
Ugo Humbert|62.0|73.6|51.8|1.42|339|65.3|64.6|6.40|2.22|64.1|0.50|2.49|6.6|82.1|0.89|2.4
Marton Fucsovics|57.8|70.1|50.8|1.38|316|62.0|62.6|6.48|2.47|60.1|0.59|2.86|7.7|76.4|1.14|3.1
Roman Safiullin|63.7|72.4|51.4|1.41|339|64.8|63.9|6.53|2.30|65.4|0.53|2.66|7.0|81.7|0.92|2.4
Facundo Bagnis|61.0|67.6|49.8|1.36|315|60.7|60.8|6.52|2.56|60.5|0.66|3.22|8.0|73.8|1.27|3.1
Gregoire Barrere|63.0|67.8|47.0|1.44|307|60.1|59.6|6.50|2.59|55.1|0.64|3.08|8.8|71.3|1.38|4.0
Nikoloz Basilashvili|59.2|67.6|49.1|1.38|306|60.1|61.5|6.59|2.63|57.3|0.63|3.03|7.7|73.0|1.29|3.3
Taro Daniel|62.7|66.8|48.7|1.37|309|60.0|60.3|6.53|2.61|57.8|0.66|3.16|8.1|72.0|1.33|3.4
Thanasi Kokkinakis|60.4|75.6|48.8|1.55|339|65.0|63.4|6.47|2.26|64.5|0.51|2.53|6.8|82.0|0.90|2.4
Daniel Altmaier|60.1|70.7|47.0|1.51|322|61.2|60.0|6.65|2.58|64.5|0.69|3.32|8.2|75.5|1.18|2.9
Tallon Griekspoor|64.4|71.3|50.1|1.42|335|63.7|63.0|6.54|2.37|64.3|0.56|2.80|7.3|79.9|1.00|2.6
Vasek Pospisil|58.2|76.1|50.1|1.52|337|65.2|63.7|6.38|2.22|62.8|0.47|2.35|6.0|82.7|0.87|2.2
Zhizhen Zhang|61.9|71.5|51.6|1.39|332|63.9|62.1|6.50|2.34|60.9|0.50|2.51|6.4|80.5|0.98|2.5
Alejandro Tabilo|64.0|67.4|47.8|1.41|309|60.4|59.9|6.29|2.50|55.3|0.64|3.05|7.1|71.6|1.36|3.2
Marco Cecchinato|66.2|68.1|48.8|1.39|318|61.6|61.4|6.51|2.50|57.0|0.57|2.77|7.1|75.3|1.19|3.1
Dominic Thiem|60.5|73.8|53.1|1.39|337|65.7|65.4|6.26|2.15|62.7|0.46|2.26|5.8|82.8|0.84|2.2
Radu Albot|64.2|65.8|49.6|1.33|309|60.0|61.0|6.54|2.61|56.6|0.63|3.00|8.0|72.7|1.30|3.4
Emilio Gomez|61.7|68.9|46.7|1.47|309|60.4|60.6|6.65|2.63|57.6|0.63|2.96|8.4|73.1|1.25|3.6
Juan Pablo Varillas Patino Samudio|54.6|71.9|53.4|1.35|319|63.5|63.1|6.40|2.33|56.4|0.46|2.39|5.1|79.9|1.04|2.2
Denis Kudla|58.2|69.7|50.6|1.38|315|61.7|61.6|6.42|2.46|58.0|0.59|2.83|7.6|75.3|1.19|3.2
Jason Kubler|61.9|68.1|47.6|1.43|309|60.3|62.0|6.41|2.54|57.1|0.58|2.81|7.8|74.9|1.21|3.3
Hugo Gaston|56.7|65.4|48.6|1.35|306|58.1|58.4|6.96|2.91|64.7|0.84|3.98|10.2|70.2|1.41|3.6
Jiri Vesely|64.6|72.4|50.7|1.43|337|64.7|64.2|6.35|2.24|63.0|0.51|2.52|6.5|81.2|0.93|2.4
Steve Johnson|58.9|75.1|52.3|1.44|341|65.8|64.5|6.38|2.19|64.6|0.45|2.27|5.8|83.9|0.80|2.1
Michael Mmoh|66.5|67.5|45.1|1.50|309|60.0|60.6|6.48|2.59|57.2|0.66|3.12|8.8|71.7|1.33|3.8
Norbert Gombos|61.5|70.2|46.3|1.52|313|61.0|61.4|6.50|2.53|59.4|0.63|3.01|8.1|74.5|1.22|3.3
Alexei Popyrin|60.2|74.0|50.7|1.46|336|64.7|63.9|6.51|2.30|64.5|0.53|2.67|6.9|81.2|0.95|2.5
Pablo Andujar|63.5|64.6|48.4|1.34|302|58.7|60.4|6.62|2.73|57.0|0.69|3.23|8.1|70.2|1.39|3.5
Jurij Rodionov|63.0|68.8|49.6|1.39|326|61.7|61.0|6.73|2.58|63.4|0.62|3.13|7.3|77.5|1.14|2.7
Christopher Eubanks|66.5|73.7|49.3|1.50|341|65.6|64.4|6.29|2.17|62.7|0.48|2.40|6.4|82.0|0.90|2.4
Fernando Verdasco|67.1|70.8|51.0|1.39|334|64.3|65.1|6.34|2.26|62.8|0.53|2.55|6.7|80.3|0.95|2.5
Federico Delbonis|61.2|69.0|50.7|1.36|318|61.9|63.0|6.48|2.47|60.1|0.59|2.89|7.2|76.3|1.15|2.9
Elias Ymer|59.3|69.1|48.0|1.44|308|60.5|60.9|6.52|2.57|57.6|0.64|3.12|7.9|73.0|1.32|3.4
Yannick Hanfmann|63.0|69.8|49.6|1.41|324|62.3|61.8|6.45|2.43|61.3|0.58|2.76|6.7|77.7|1.07|2.6
Jack Sock|58.7|73.7|52.5|1.40|333|65.0|65.6|6.30|2.21|62.6|0.48|2.36|6.2|82.1|0.88|2.3
Hugo Dellien|73.6|61.8|46.9|1.32|309|57.9|58.2|6.63|2.79|59.1|0.81|3.82|9.5|67.0|1.56|3.9
Jozef Kovalik|60.7|66.6|49.4|1.35|310|59.8|60.2|6.57|2.64|59.8|0.68|3.28|8.5|72.8|1.32|3.4
Gilles Simon|57.4|69.4|51.5|1.35|317|61.7|61.5|6.50|2.49|60.1|0.60|2.88|7.4|76.2|1.15|2.9
John Millman|62.2|68.1|52.5|1.30|321|62.2|61.7|6.48|2.45|59.1|0.58|2.85|7.5|76.1|1.17|3.0
Stan Wawrinka|57.9|73.7|53.8|1.37|338|65.3|64.2|6.36|2.20|64.2|0.48|2.38|6.4|82.8|0.85|2.3
Jan Lennard Struff|56.0|76.0|49.5|1.54|329|64.3|63.1|6.38|2.28|60.4|0.49|2.42|6.2|80.5|0.96|2.5
Nicolas Jarry|63.2|73.1|52.2|1.40|342|65.4|63.5|6.41|2.22|63.1|0.48|2.40|6.4|82.4|0.89|2.4
James Duckworth|56.2|72.7|50.7|1.43|328|63.1|61.5|6.57|2.43|63.6|0.57|2.85|7.9|79.1|1.04|2.9
Maximilian Marterer|63.0|69.9|53.0|1.32|332|63.6|62.2|6.34|2.31|60.8|0.52|2.55|6.5|79.5|1.00|2.5
Liam Broady|62.3|64.9|49.1|1.32|305|58.9|58.5|6.63|2.72|56.3|0.67|3.10|8.4|70.6|1.36|3.7
Carlos Taberner|62.4|67.0|47.9|1.40|304|59.8|61.4|6.46|2.60|56.6|0.66|3.07|7.8|71.1|1.33|3.4
Ricardas Berankis|57.2|70.3|51.0|1.38|315|62.0|62.7|6.51|2.47|58.6|0.57|2.73|7.2|76.5|1.13|3.0
Henri Laaksonen|58.7|70.4|48.3|1.46|313|61.3|61.6|6.58|2.55|58.9|0.61|2.94|7.8|74.7|1.21|3.2
Benoit Paire|51.9|74.4|45.4|1.64|309|60.4|60.1|6.66|2.63|59.5|0.64|3.11|8.0|74.0|1.26|3.3
Dennis Novak|64.3|67.3|49.2|1.37|313|60.9|60.7|6.46|2.53|56.1|0.61|2.93|7.7|73.3|1.29|3.4
Renzo Olivo|59.4|66.3|47.4|1.40|298|58.6|60.7|6.73|2.78|57.8|0.74|3.56|9.1|68.8|1.50|3.9
Damir Dzumhur|64.3|65.1|49.5|1.32|305|59.5|60.4|6.45|2.61|56.0|0.66|3.11|8.0|70.8|1.37|3.5
Mikhail Kukushkin|61.2|66.3|51.3|1.29|315|60.5|60.1|6.61|2.61|60.2|0.65|3.13|8.1|73.9|1.25|3.2
Sebastian Ofner|56.1|72.4|49.3|1.47|325|62.2|61.8|6.55|2.47|64.5|0.60|2.96|7.3|78.6|1.05|2.6
Nicolas Kicker|62.9|65.8|51.0|1.29|310|60.3|61.2|6.42|2.55|57.7|0.64|2.99|7.5|73.2|1.26|3.2
Dimitar Kuzmanov|62.8|66.2|46.9|1.41|306|59.0|59.9|6.66|2.73|59.1|0.71|3.38|8.8|71.0|1.38|3.6
Stefan Kozlov|62.7|64.0|45.3|1.41|291|57.0|58.8|6.60|2.84|56.9|0.84|3.82|8.8|63.8|1.64|3.8
Dominik Koepfer|62.3|66.7|49.4|1.35|313|60.2|60.9|6.61|2.63|60.9|0.69|3.32|9.1|73.2|1.30|3.5
Cedrik Marcel Stebe|61.5|65.0|46.8|1.39|298|58.0|58.3|6.49|2.72|55.6|0.72|3.37|8.6|68.1|1.50|3.8
Gianluca Mager|60.6|71.4|50.3|1.42|329|63.1|62.4|6.52|2.41|64.1|0.60|2.91|7.7|78.4|1.05|2.8
Mitchell Krueger|62.6|67.4|49.0|1.38|310|60.5|60.1|6.34|2.51|55.5|0.61|2.88|6.8|72.7|1.28|3.0
Lukas Rosol|58.4|72.2|49.9|1.45|326|62.9|62.4|6.57|2.44|62.9|0.57|2.79|7.2|78.8|1.04|2.7
Max Purcell|59.4|67.6|44.3|1.52|297|58.1|56.2|6.41|2.68|52.6|0.67|3.11|8.1|68.1|1.48|3.8
Marco Trungelliti|58.4|67.0|48.5|1.38|305|59.3|60.1|6.56|2.67|58.8|0.68|3.31|9.7|71.9|1.36|4.0
Ernesto Escobedo|57.0|71.8|53.4|1.34|327|63.9|63.1|6.38|2.31|61.2|0.54|2.67|7.0|78.9|1.03|2.7
Gastao Elias|52.5|69.7|49.4|1.41|301|60.1|60.4|6.53|2.61|56.2|0.64|3.03|7.8|71.7|1.33|3.4
Peter Gojowczyk|54.4|74.1|48.1|1.54|317|62.3|62.0|6.48|2.44|59.4|0.57|2.74|7.0|76.8|1.11|2.8
Lloyd George Muirhead Harris|64.0|74.0|48.1|1.54|337|64.7|61.6|6.27|2.22|60.5|0.50|2.39|6.1|80.3|0.95|2.4
Robin Haase|59.4|71.9|49.4|1.45|324|62.8|61.8|6.45|2.40|60.5|0.56|2.72|7.1|78.0|1.07|2.8
Alessandro Giannessi|65.1|65.6|48.4|1.36|313|59.6|60.9|6.74|2.72|63.1|0.77|3.85|10.3|71.5|1.42|3.8
Tennys Sandgren|60.9|73.1|48.5|1.51|330|63.5|61.5|6.41|2.34|61.3|0.54|2.67|7.1|79.1|1.03|2.8
Pablo Cuevas|60.8|71.6|51.7|1.38|327|63.8|63.3|6.36|2.30|60.4|0.53|2.58|6.5|79.0|1.02|2.6
Juan Ignacio Londero|61.1|67.9|53.5|1.27|316|62.3|62.9|6.32|2.38|57.5|0.58|2.80|7.4|75.5|1.19|3.2
Egor Gerasimov|64.7|71.9|47.7|1.51|328|63.4|62.7|6.47|2.37|60.1|0.53|2.64|6.8|78.9|1.05|2.7
Salvatore Caruso|59.6|65.3|49.1|1.33|304|58.8|59.1|6.66|2.75|58.7|0.72|3.40|8.8|70.3|1.40|3.6
Pierre Hugues Herbert|58.7|73.7|50.7|1.46|331|64.2|63.6|6.46|2.31|62.1|0.50|2.54|6.6|80.9|0.96|2.5
Ernests Gulbis|60.1|75.2|48.5|1.55|335|64.6|63.7|6.37|2.26|63.8|0.52|2.53|6.4|81.3|0.92|2.3
Stefano Travaglia|55.4|72.2|48.0|1.50|312|61.4|60.5|6.60|2.55|56.7|0.57|2.82|7.3|75.5|1.22|3.2
Bjorn Fratangelo|56.8|68.4|51.3|1.33|311|61.0|61.2|6.56|2.56|57.7|0.60|2.86|7.5|74.5|1.21|3.2
Thomas Fabbiano|65.4|64.9|49.2|1.32|307|59.4|60.8|6.56|2.66|57.2|0.66|3.15|8.7|71.7|1.35|3.7
Yasutaka Uchiyama|61.5|72.0|50.3|1.43|328|63.6|61.9|6.28|2.29|59.9|0.55|2.60|6.9|78.0|1.04|2.8
Sam Querrey|59.1|79.0|50.2|1.57|347|67.2|64.3|6.19|2.03|62.7|0.40|2.04|5.3|84.9|0.76|2.0
Aljaz Bedene|56.6|74.1|48.8|1.52|322|63.1|61.4|6.38|2.35|58.6|0.54|2.62|6.7|77.8|1.09|2.8
Prajnesh Gunneswaran|61.8|68.1|49.0|1.39|308|60.8|60.3|6.29|2.46|53.7|0.61|2.86|7.0|71.9|1.33|3.3
Kenny De Schepper|66.8|71.6|48.5|1.47|339|63.9|63.6|6.49|2.34|66.2|0.56|2.77|6.9|81.2|0.94|2.3
Andreas Seppi|58.1|70.4|50.1|1.41|317|61.9|61.7|6.45|2.46|59.5|0.59|2.87|7.5|76.1|1.16|3.0
Gerald Melzer|64.4|66.5|49.0|1.36|312|60.3|60.4|6.42|2.55|58.0|0.66|3.16|8.0|72.4|1.33|3.3
Marius Copil|57.5|75.6|52.0|1.45|340|65.6|62.8|6.28|2.16|62.3|0.47|2.35|6.0|82.3|0.88|2.3
Cem Ilkel|59.6|64.7|46.8|1.38|294|57.5|57.2|6.65|2.83|52.6|0.66|3.06|8.2|68.9|1.45|3.9
Lucas Pouille|55.9|73.2|50.8|1.44|327|63.3|62.8|6.55|2.40|63.2|0.55|2.72|7.4|79.8|1.00|2.7
Jason Jung|65.3|65.7|50.9|1.29|318|60.6|60.9|6.57|2.59|60.9|0.66|3.26|7.9|74.3|1.27|3.1
Guido Andreozzi|60.6|68.5|45.8|1.49|307|59.6|61.2|6.72|2.72|61.3|0.72|3.40|8.9|72.0|1.32|3.4
Evgeny Donskoy|58.5|70.0|50.0|1.40|320|61.7|61.1|6.55|2.51|61.5|0.60|2.90|7.4|76.9|1.12|2.9
Mirza Basic|58.9|70.3|51.8|1.36|324|62.7|61.4|6.48|2.42|61.2|0.59|2.91|7.4|77.0|1.13|2.9
Roger Federer|62.1|77.4|57.0|1.36|360|69.7|68.1|6.05|1.83|67.3|0.34|1.67|4.4|88.8|0.55|1.4
Jimmy Connors|65.1|62.8|50.1|1.25|305|58.4|59.3|6.67|2.78|57.8|0.71|3.34|8.8|70.3|1.41|3.7
Ivan Lendl|56.0|76.0|52.2|1.46|335|65.5|64.6|6.36|2.19|62.5|0.47|2.23|5.8|82.4|0.84|2.2
Pete Sampras|59.5|80.9|52.6|1.54|358|69.4|68.3|6.38|1.95|67.9|0.35|1.73|4.6|88.8|0.55|1.5
John McEnroe|56.5|75.5|50.1|1.51|328|64.4|65.4|6.40|2.27|62.4|0.49|2.36|6.1|81.4|0.89|2.3
Bjorn Borg|55.8|65.9|39.0|1.69|269|54.0|54.9|6.36|2.93|50.0|0.82|3.78|8.5|58.9|1.89|4.3
Andre Agassi|62.6|72.9|54.0|1.35|341|65.8|65.8|6.30|2.15|64.7|0.45|2.12|5.6|84.0|0.75|2.0
Boris Becker|57.4|79.4|50.2|1.58|345|66.9|66.6|6.52|2.16|65.7|0.41|2.03|5.4|85.8|0.70|1.9
Stefan Edberg|61.5|73.1|51.8|1.41|332|64.9|66.6|6.45|2.27|63.8|0.48|2.29|6.0|82.6|0.83|2.2
Mats Wilander|65.2|66.6|46.4|1.44|308|59.5|59.7|6.64|2.69|58.0|0.69|3.23|8.4|71.2|1.36|3.5
Guillermo Vilas|70.3|60.0|50.9|1.18|286|57.3|58.8|6.40|2.73|41.2|0.57|2.83|8.5|66.7|1.67|5.0
Lleyton Hewitt|53.9|73.7|52.7|1.40|326|64.0|64.1|6.35|2.29|61.9|0.52|2.46|6.6|80.2|0.94|2.5
Andy Roddick|64.8|79.4|56.1|1.41|371|71.2|68.1|5.97|1.72|67.6|0.31|1.53|3.9|90.1|0.49|1.2
Jim Courier|62.2|74.2|53.3|1.39|340|66.3|66.2|6.39|2.15|63.5|0.44|2.12|5.5|84.1|0.77|2.0
Michael Chang|55.8|71.5|52.5|1.36|322|63.1|62.6|6.45|2.38|60.5|0.53|2.53|6.5|79.0|1.00|2.6
Yevgeny Kafelnikov|55.6|73.3|50.6|1.45|321|63.2|63.9|6.51|2.40|61.1|0.54|2.62|6.7|79.0|1.02|2.6
Gustavo Kuerten|54.7|76.3|51.8|1.47|335|65.2|63.3|6.42|2.23|62.8|0.47|2.29|6.0|82.4|0.85|2.2
Goran Ivanisevic|54.9|82.5|50.1|1.65|350|67.9|66.0|6.43|2.07|66.1|0.42|2.09|5.3|85.7|0.71|1.8
David Ferrer|63.0|68.7|52.5|1.31|322|62.7|63.6|6.36|2.37|59.9|0.56|2.64|6.7|77.5|1.06|2.7
Thomas Muster|61.7|69.1|53.7|1.29|328|63.2|63.8|6.48|2.38|63.0|0.55|2.61|6.5|79.5|0.97|2.4
Juan Martin Del Potro|63.8|74.5|53.1|1.40|346|66.7|65.3|6.18|2.05|63.3|0.41|2.00|5.1|84.9|0.73|1.9
Michael Stich|56.6|77.8|52.5|1.48|343|66.8|66.7|6.48|2.15|66.1|0.43|2.12|5.6|85.3|0.72|1.9
Marat Safin|55.3|75.4|52.5|1.44|336|65.2|63.1|6.36|2.21|62.7|0.48|2.36|6.3|82.2|0.88|2.4
Juan Carlos Ferrero|64.0|69.4|54.8|1.27|333|64.1|64.1|6.36|2.28|62.5|0.54|2.60|6.8|79.7|0.98|2.5
Carlos Moya|58.6|71.9|51.9|1.39|328|63.6|63.2|6.49|2.36|62.8|0.54|2.64|6.8|79.7|0.98|2.5
Patrick Rafter|61.9|75.6|51.7|1.46|342|66.5|66.6|6.40|2.14|64.3|0.43|2.09|5.5|84.7|0.75|2.0
Yannick Noah|55.5|69.7|44.9|1.55|304|58.7|58.7|6.67|2.76|60.8|0.74|3.48|8.1|70.9|1.36|3.2
Tomas Berdych|58.0|76.9|52.4|1.47|342|66.6|65.2|6.19|2.06|63.6|0.43|2.08|5.3|84.3|0.76|1.9
Marcelo Rios|57.6|71.3|53.0|1.35|325|63.5|63.7|6.43|2.35|60.9|0.52|2.50|6.1|79.5|0.98|2.4
Nikolay Davydenko|67.0|68.3|51.4|1.33|325|62.7|63.3|6.36|2.37|60.2|0.57|2.68|6.6|77.4|1.07|2.6
Richard Krajicek|58.2|81.4|51.1|1.59|355|68.7|66.4|6.33|1.98|65.7|0.37|1.85|4.8|87.2|0.63|1.6
Harold Solomon|53.3|56.3|21.4|2.63|203|40.0|41.4|6.67|4.00|53.3|1.67|7.50|15.0|22.2|3.50|7.0
Sergi Bruguera|59.0|69.7|50.7|1.38|317|61.9|61.4|6.47|2.47|59.2|0.59|2.76|6.8|75.9|1.13|2.8
Jo Wilfried Tsonga|62.0|77.7|52.8|1.47|356|68.2|66.1|6.18|1.96|67.0|0.40|1.97|5.2|87.0|0.65|1.7
Kei Nishikori|61.4|70.3|53.1|1.32|326|63.7|64.3|6.39|2.32|60.9|0.52|2.45|6.4|79.8|0.96|2.5
David Nalbandian|59.1|69.4|52.3|1.33|318|62.4|63.3|6.41|2.41|59.3|0.56|2.66|7.0|77.3|1.08|2.8
Alex Corretja|57.5|69.6|52.2|1.33|318|62.2|62.3|6.47|2.44|59.9|0.58|2.81|7.1|76.6|1.12|2.9
Johan Kriek|53.2|72.0|44.9|1.60|303|59.3|61.6|6.88|2.80|62.2|0.74|3.60|8.2|71.9|1.36|3.1
Tommy Haas|58.5|74.3|52.0|1.43|332|65.0|65.2|6.30|2.20|62.1|0.48|2.36|6.0|81.7|0.90|2.3
Thomas Enqvist|54.8|75.7|49.6|1.53|323|63.9|64.2|6.43|2.32|59.6|0.50|2.43|6.2|79.7|0.98|2.5
Andres Gomez|56.1|71.3|47.3|1.51|313|60.8|60.6|6.73|2.64|60.2|0.63|3.10|7.7|74.8|1.23|3.1
Petr Korda|58.7|71.7|48.4|1.48|317|62.1|63.9|6.61|2.51|61.4|0.58|2.79|7.2|77.6|1.07|2.8
Milos Raonic|62.9|81.5|55.2|1.48|376|71.7|68.3|5.98|1.69|69.6|0.29|1.48|3.8|91.2|0.45|1.2
Tim Henman|57.7|74.5|50.8|1.47|330|64.5|64.7|6.41|2.28|62.8|0.51|2.45|6.5|81.2|0.91|2.4
Guillermo Coria|63.0|68.0|50.1|1.36|314|61.4|63.1|6.41|2.48|58.6|0.60|2.79|7.1|75.2|1.15|2.9
Brad Gilbert|56.3|72.3|47.7|1.52|315|61.5|61.7|6.59|2.54|60.7|0.61|2.90|7.6|75.9|1.14|3.0
Todd Martin|61.7|75.5|51.1|1.48|344|66.2|64.8|6.50|2.20|64.4|0.46|2.27|6.1|83.6|0.81|2.2
Tim Mayotte|54.6|74.0|47.4|1.56|312|61.9|63.5|6.52|2.48|59.1|0.58|2.91|7.6|76.1|1.19|3.1
Albert Costa|66.8|67.7|52.5|1.29|327|62.6|62.6|6.45|2.41|60.4|0.56|2.72|6.8|77.6|1.08|2.7
Andrei Medvedev|57.4|71.5|48.7|1.47|317|61.8|61.8|6.62|2.53|60.0|0.59|2.79|7.3|76.3|1.11|2.9
Wayne Ferreira|55.4|74.5|50.4|1.48|326|63.7|62.8|6.52|2.37|60.9|0.52|2.52|6.6|79.7|0.98|2.6
Greg Rusedski|58.0|79.8|52.3|1.53|351|68.3|67.7|6.32|2.01|66.2|0.40|2.01|5.2|86.5|0.68|1.8
Robin Soderling|61.1|75.7|51.7|1.47|343|66.4|65.0|6.20|2.09|63.4|0.44|2.15|5.5|83.8|0.79|2.0
Fernando Gonzalez|60.9|74.3|51.5|1.44|337|65.4|65.7|6.32|2.19|63.7|0.47|2.30|6.1|82.9|0.83|2.2
Ivan Ljubicic|58.4|77.5|51.9|1.49|350|66.9|63.4|6.32|2.09|65.0|0.42|2.12|5.4|85.2|0.74|1.9
Pat Cash|58.1|71.7|47.6|1.51|317|61.6|61.8|6.76|2.60|61.0|0.61|2.94|7.9|76.2|1.15|3.1
Guy Forget|58.1|77.8|51.7|1.51|343|66.9|64.9|6.42|2.13|63.9|0.44|2.19|5.8|84.0|0.79|2.1
Mark Philippoussis|57.9|80.0|50.1|1.60|348|67.4|65.9|6.41|2.09|64.3|0.41|2.06|5.5|85.3|0.73|2.0
Henri Leconte|49.9|74.0|49.8|1.49|314|61.9|62.6|6.60|2.52|61.3|0.59|2.87|7.6|77.1|1.11|2.9
Cedric Pioline|57.2|73.5|49.5|1.49|323|63.2|63.5|6.55|2.41|61.0|0.53|2.59|6.8|79.1|1.01|2.7
Sebastien Grosjean|55.7|72.1|52.5|1.37|325|63.4|62.1|6.41|2.35|60.9|0.54|2.61|6.9|78.7|1.02|2.7
Anders Jarryd|54.3|71.9|49.7|1.45|307|61.7|63.1|6.36|2.43|56.0|0.56|2.62|6.4|75.4|1.15|2.8
Magnus Norman|57.8|71.8|50.0|1.44|323|62.6|61.6|6.57|2.45|61.5|0.58|2.79|6.9|77.6|1.07|2.7
Emilio Sanchez|64.7|67.9|50.6|1.34|321|61.8|61.0|6.55|2.50|59.5|0.60|2.89|7.1|75.8|1.17|2.9
Tommy Robredo|64.8|69.4|51.9|1.34|327|63.2|63.4|6.37|2.34|60.7|0.55|2.61|6.7|78.4|1.03|2.6
Marc Rosset|56.4|78.5|47.5|1.66|332|65.0|65.1|6.42|2.25|61.9|0.47|2.29|5.7|82.0|0.87|2.2
Jonas Bjorkman|57.5|70.5|49.3|1.43|313|61.5|62.2|6.54|2.52|59.5|0.61|2.86|7.4|75.4|1.16|3.0
James Blake|57.9|72.7|51.2|1.42|327|63.7|63.1|6.45|2.34|61.3|0.53|2.54|6.5|79.7|0.98|2.5
Gaston Gaudio|62.1|67.1|50.2|1.34|310|60.7|61.8|6.50|2.56|58.3|0.65|3.03|7.8|73.0|1.27|3.3
Andrei Chesnokov|58.1|65.0|48.4|1.34|298|58.1|58.6|6.70|2.81|56.8|0.72|3.37|8.4|69.0|1.46|3.6
Mikhail Youzhny|60.7|69.5|51.5|1.35|321|62.4|62.6|6.47|2.43|60.5|0.57|2.74|7.1|77.4|1.08|2.8
Aaron Krickstein|58.6|68.6|50.7|1.35|315|61.2|60.8|6.68|2.59|59.7|0.63|3.00|7.8|74.8|1.21|3.2
Kevin Anderson|64.5|77.0|52.9|1.46|359|68.4|65.4|6.18|1.95|66.0|0.39|1.99|5.2|86.7|0.68|1.8
Alberto Berasategui|73.7|63.2|48.8|1.29|314|59.4|60.7|6.58|2.67|58.1|0.67|3.18|7.7|71.8|1.33|3.2
Magnus Gustafsson|65.1|68.2|49.5|1.38|318|61.7|63.2|6.47|2.48|59.9|0.59|2.78|7.0|76.2|1.11|2.8
Nicolas Kiefer|52.7|74.8|49.3|1.52|319|62.8|62.6|6.40|2.38|60.5|0.55|2.66|6.6|78.1|1.05|2.6
Thomas Johansson|53.3|76.2|50.7|1.50|330|64.3|62.7|6.43|2.29|62.0|0.51|2.46|6.3|80.7|0.94|2.4
Kevin Curren|49.8|76.1|50.0|1.52|319|63.0|62.3|6.55|2.42|60.0|0.54|2.59|6.7|78.3|1.03|2.7
Felix Mantilla|62.3|67.1|51.6|1.30|315|61.3|61.7|6.50|2.52|59.0|0.62|2.94|7.3|74.6|1.20|3.0
Vijay Amritraj|70.8|41.2|50.0|0.82|220|43.8|43.8|5.33|3.00|25.0|0.89|4.00|8.0|33.3|3.00|6.0
Magnus Larsson|63.5|72.9|51.1|1.43|337|64.9|64.0|6.47|2.27|62.8|0.49|2.37|6.2|81.7|0.88|2.3
Guillermo Canas|57.8|71.1|50.9|1.40|319|62.6|62.6|6.38|2.39|59.9|0.58|2.74|7.0|76.9|1.10|2.8
Nicolas Almagro|58.1|74.8|52.8|1.42|337|65.6|63.8|6.29|2.16|62.0|0.46|2.27|5.7|82.5|0.87|2.2
Feliciano Lopez|58.5|76.3|51.8|1.47|344|66.1|64.3|6.35|2.15|65.5|0.47|2.36|6.1|83.8|0.81|2.1
Mardy Fish|53.9|77.3|52.2|1.48|337|65.7|63.4|6.27|2.15|62.4|0.47|2.29|5.8|82.3|0.86|2.2
Ivo Karlovic|65.5|82.7|53.3|1.55|384|72.5|67.9|6.10|1.67|70.9|0.28|1.49|3.8|92.0|0.43|1.1
Karel Novacek|56.9|73.4|50.0|1.47|326|63.3|62.2|6.53|2.40|62.0|0.55|2.61|6.7|79.1|0.99|2.5
Martin Jaite|51.7|69.2|50.1|1.38|303|60.0|59.4|6.52|2.61|56.2|0.62|2.99|7.2|72.9|1.31|3.1
Jiri Novak|65.2|68.7|50.3|1.37|323|62.3|62.0|6.43|2.43|59.8|0.59|2.76|7.0|76.5|1.11|2.8
Radek Stepanek|62.1|72.8|50.7|1.43|332|64.4|64.1|6.36|2.26|61.8|0.50|2.41|6.2|80.8|0.92|2.4
Rainer Schuettler|59.1|68.4|51.2|1.34|311|61.3|62.2|6.41|2.48|57.6|0.61|2.90|7.3|74.3|1.23|3.1
Dominik Hrbaty|56.7|71.2|49.7|1.43|314|61.9|62.8|6.44|2.45|59.6|0.60|2.85|7.3|75.9|1.15|2.9
Guillermo Perez Roldan|68.2|63.4|50.2|1.26|312|59.2|59.5|6.68|2.73|58.4|0.68|3.22|7.3|71.7|1.34|3.0
Sjeng Schalken|62.3|69.2|49.9|1.39|318|62.0|62.9|6.52|2.48|59.6|0.58|2.78|7.1|76.4|1.12|2.9
Karol Kucera|55.6|70.8|48.2|1.47|304|60.8|62.2|6.52|2.56|56.1|0.62|2.92|7.3|73.0|1.28|3.2
Malivai Washington|59.1|72.0|51.7|1.39|327|63.7|63.7|6.51|2.36|61.0|0.51|2.43|6.2|80.2|0.95|2.4
Alberto Mancini|63.1|67.0|51.2|1.31|317|61.2|61.4|6.60|2.56|59.9|0.63|2.98|7.5|74.6|1.20|3.0
Mikael Pernfors|52.5|66.5|49.2|1.35|294|58.3|58.8|6.48|2.70|56.9|0.74|3.42|8.2|68.2|1.47|3.5
Jimmy Arias|69.1|63.2|49.1|1.29|308|58.8|60.1|6.59|2.71|57.9|0.72|3.39|8.3|69.6|1.43|3.5
Juan Monaco|67.8|65.1|52.5|1.24|316|61.1|61.5|6.42|2.50|56.4|0.59|2.83|6.9|74.1|1.23|3.0
Jonas Svensson|64.6|66.0|48.7|1.36|313|59.8|59.9|6.70|2.69|60.0|0.68|3.18|8.2|72.9|1.27|3.3
Nicolas Lapentti|60.4|70.2|48.4|1.45|316|61.6|61.3|6.51|2.50|59.2|0.61|2.91|7.5|75.3|1.19|3.1
Marcos Baghdatis|53.1|74.8|51.5|1.45|325|63.9|63.1|6.37|2.30|60.3|0.51|2.47|6.3|79.9|0.98|2.5
David Wheaton|60.0|73.6|48.0|1.54|328|63.4|63.3|6.68|2.45|62.9|0.56|2.68|7.1|79.4|0.99|2.6
Nicolas Massu|58.9|70.0|50.7|1.38|318|62.1|62.3|6.55|2.49|61.5|0.64|3.04|7.5|75.5|1.17|2.9
Juan Ignacio Chela|60.4|68.1|50.8|1.34|312|61.3|62.1|6.46|2.50|58.4|0.63|2.96|7.5|73.9|1.23|3.1
Amos Mansdorf|57.5|69.8|52.0|1.34|320|62.2|62.2|6.57|2.48|61.4|0.58|2.79|6.9|77.6|1.08|2.7
Jakob Hlasek|59.3|74.0|48.6|1.52|325|63.6|63.7|6.52|2.37|60.4|0.52|2.54|6.4|79.3|1.01|2.6
Jaime Yzaga|59.5|65.8|50.4|1.31|305|59.5|60.8|6.71|2.72|58.3|0.67|3.17|8.3|72.2|1.32|3.5
Carlos Costa|55.5|69.3|48.7|1.42|305|60.2|60.0|6.60|2.63|56.9|0.63|3.00|7.4|72.7|1.29|3.2
Janko Tipsarevic|56.4|73.6|51.9|1.42|329|64.1|62.9|6.39|2.29|61.2|0.51|2.51|6.3|80.1|0.97|2.5
Nicolas Escude|56.3|72.8|50.2|1.45|321|62.9|62.5|6.46|2.40|60.2|0.56|2.68|6.9|77.9|1.07|2.7
Juan Aguilera|57.0|63.0|41.3|1.52|267|53.6|54.8|6.44|2.98|49.7|0.83|3.68|8.4|58.0|1.85|4.2
Andrei Pavel|64.6|69.0|49.6|1.39|322|62.1|61.3|6.49|2.46|59.0|0.57|2.73|6.8|76.7|1.12|2.8
Ramesh Krishnan|69.0|61.7|48.6|1.27|297|57.6|59.4|6.40|2.71|53.2|0.71|3.31|8.1|67.0|1.55|3.8
Fabrice Santoro|57.6|67.0|50.7|1.32|309|60.1|60.3|6.62|2.64|59.5|0.67|3.16|8.0|72.9|1.28|3.2
Jurgen Melzer|61.4|69.7|50.6|1.38|323|62.4|62.0|6.46|2.43|60.2|0.56|2.72|7.0|77.6|1.08|2.8
Younes El Aynaoui|61.9|72.9|50.6|1.44|334|64.4|63.7|6.46|2.30|63.2|0.52|2.56|6.5|80.8|0.94|2.4
Arnaud Clement|56.8|70.6|50.2|1.41|316|61.8|61.5|6.51|2.49|59.5|0.59|2.86|7.4|75.9|1.16|3.0
Mario Ancic|61.2|75.5|51.9|1.46|343|66.4|64.3|6.21|2.09|62.1|0.43|2.11|5.4|83.8|0.80|2.1
Francisco Clavet|63.6|65.3|51.7|1.26|312|60.4|61.2|6.54|2.59|58.1|0.64|2.97|7.4|73.4|1.24|3.1
Horst Skoff|58.6|66.0|49.3|1.34|302|59.1|59.7|6.59|2.70|56.8|0.68|3.17|7.2|70.6|1.37|3.1
Alexander Volkov|52.6|71.8|49.2|1.46|312|61.1|61.4|6.65|2.59|60.7|0.62|2.97|7.8|75.7|1.16|3.1
Jay Berger|55.4|71.9|38.3|1.88|285|56.9|59.7|7.00|3.02|56.8|0.79|3.38|8.8|66.1|1.46|3.8
Wally Masur|66.2|70.2|52.8|1.33|334|64.4|64.0|6.42|2.29|61.2|0.50|2.46|6.5|80.7|0.95|2.5
Philipp Kohlschreiber|60.5|72.1|53.9|1.34|335|64.9|64.0|6.32|2.22|62.9|0.50|2.40|6.1|81.5|0.89|2.2
Jordi Arrese|72.2|61.8|48.1|1.29|304|58.0|59.0|6.59|2.77|55.6|0.72|3.42|8.4|68.1|1.52|3.7
Tim Wilkison|68.3|53.7|31.6|1.70|193|46.7|54.9|7.50|4.00|16.7|0.75|3.00|6.0|37.5|2.50|5.0
Paradorn Srichaphan|56.9|73.6|52.0|1.41|325|64.3|64.2|6.35|2.27|59.4|0.50|2.44|6.1|79.5|0.99|2.5
Jason Stoltenberg|57.0|73.0|48.5|1.50|318|62.5|62.8|6.55|2.46|60.1|0.57|2.71|7.0|77.2|1.08|2.8
Mark Woodforde|57.5|71.1|49.3|1.44|318|61.9|62.5|6.60|2.52|61.7|0.61|2.92|7.4|76.8|1.12|2.8
Alexandr Dolgopolov|54.6|74.6|51.3|1.45|326|64.0|62.5|6.32|2.28|59.9|0.51|2.48|6.2|79.4|0.99|2.5
Scott Davis|56.5|69.2|46.1|1.50|294|59.1|61.6|6.69|2.73|52.6|0.59|2.84|7.3|72.2|1.35|3.5
Max Mirnyi|62.6|76.0|51.5|1.48|345|66.8|65.9|6.29|2.09|64.0|0.45|2.25|5.7|83.8|0.81|2.0
Chris Woodruff|60.3|71.8|48.2|1.49|322|62.4|63.0|6.54|2.46|61.4|0.57|2.78|7.3|77.9|1.07|2.8
John Fitzgerald|61.8|67.7|47.7|1.42|303|60.1|62.3|6.60|2.63|56.5|0.66|3.12|7.7|71.4|1.36|3.4
Martin Klizan|58.5|68.9|49.5|1.39|314|60.8|61.4|6.58|2.58|61.1|0.65|3.11|8.0|74.9|1.21|3.1
Michael Llodra|62.2|73.5|51.1|1.44|336|65.0|64.2|6.30|2.20|62.1|0.49|2.43|6.0|81.2|0.92|2.3
Thierry Tulasne|55.3|61.3|35.4|1.73|249|49.8|52.6|7.68|3.86|55.9|1.21|5.67|11.3|46.4|2.50|5.0
Jan Siemerink|56.3|74.9|50.6|1.48|330|64.3|65.1|6.56|2.34|64.7|0.53|2.59|6.7|81.5|0.92|2.3
Arnaud Boetsch|56.9|71.2|50.5|1.41|317|62.3|63.0|6.53|2.46|60.4|0.57|2.74|6.7|77.3|1.08|2.7
Mariano Puerta|65.1|68.7|51.5|1.33|325|62.7|62.5|6.34|2.37|60.1|0.57|2.69|6.6|77.3|1.07|2.6
Mariano Zabaleta|57.5|69.7|50.3|1.39|313|61.4|62.2|6.53|2.52|59.0|0.60|2.91|7.2|75.2|1.19|3.0
Slobodan Zivojinovic|56.7|76.1|54.8|1.39|354|66.9|64.1|6.60|2.19|69.4|0.43|2.13|5.4|86.7|0.65|1.7
Todd Woodbridge|59.1|68.8|47.4|1.45|305|60.0|62.0|6.70|2.68|58.2|0.63|3.02|7.8|73.7|1.26|3.3
Goran Prpic|71.5|63.8|48.3|1.32|309|59.4|60.1|6.49|2.63|54.7|0.65|3.08|7.9|70.5|1.39|3.6
Dmitry Tursunov|57.3|72.7|50.5|1.44|327|63.2|62.9|6.48|2.38|62.7|0.56|2.75|7.2|79.2|1.02|2.7
Luiz Mattar|57.7|69.3|51.0|1.36|319|61.5|60.4|6.55|2.52|61.1|0.63|2.98|7.3|75.7|1.16|2.8
Albert Montanes|60.4|69.0|49.5|1.40|312|61.3|62.2|6.44|2.49|58.2|0.61|2.86|7.0|74.5|1.19|2.9
Javier Sanchez|65.6|66.9|48.5|1.38|313|60.6|61.3|6.56|2.59|58.1|0.63|2.99|7.4|73.7|1.25|3.1
Carl Uwe Steeb|59.3|66.7|50.6|1.32|309|60.1|60.0|6.60|2.63|57.7|0.62|2.93|7.2|73.7|1.24|3.1
Jan Michael Gambill|55.8|76.6|49.7|1.54|336|64.7|62.2|6.48|2.29|63.6|0.52|2.56|6.3|81.2|0.93|2.3
Robby Ginepri|62.4|69.4|52.2|1.33|324|62.9|62.0|6.34|2.35|58.1|0.53|2.57|6.6|77.7|1.08|2.8
Agustin Calleri|55.4|74.5|50.1|1.49|324|63.6|63.1|6.38|2.32|60.4|0.53|2.58|6.5|78.8|1.02|2.6
Andrei Cherkasov|60.1|65.9|49.1|1.34|304|59.2|59.8|6.67|2.72|57.7|0.69|3.28|8.2|70.9|1.39|3.5
Florian Mayer|61.8|69.0|50.0|1.38|318|61.7|61.0|6.40|2.45|57.9|0.58|2.72|6.7|75.7|1.14|2.8
Hicham Arazi|57.2|68.7|50.4|1.36|312|60.9|60.5|6.53|2.56|59.2|0.63|2.96|7.6|74.3|1.21|3.1
Marcelo Filippini|66.2|63.8|50.0|1.28|308|59.1|59.7|6.55|2.68|57.9|0.71|3.31|7.9|70.3|1.39|3.3
Bernard Tomic|66.3|71.1|49.9|1.43|339|63.9|61.6|6.52|2.35|63.6|0.53|2.64|6.9|80.7|0.96|2.5
Jacco Eltingh|62.1|73.4|48.4|1.51|330|63.9|63.5|6.58|2.37|62.1|0.53|2.63|6.7|79.8|1.00|2.5
Marcel Granollers|61.1|68.7|49.4|1.39|313|61.2|61.0|6.37|2.47|56.8|0.60|2.82|7.1|74.1|1.22|3.1
Paul Henri Mathieu|55.0|71.8|51.6|1.39|319|62.7|62.9|6.47|2.41|60.0|0.55|2.67|6.7|78.2|1.07|2.7
Richard Fromberg|58.8|74.1|47.7|1.55|326|63.2|62.2|6.62|2.44|61.2|0.56|2.74|7.1|78.3|1.06|2.8
Taylor Dent|57.1|75.2|49.0|1.54|323|63.9|65.5|6.37|2.30|60.4|0.52|2.51|6.3|79.6|1.00|2.5
Fernando Meligeni|56.6|68.9|49.1|1.40|306|60.3|61.1|6.57|2.61|58.4|0.65|3.07|7.7|73.1|1.28|3.2
Franco Squillari|57.0|68.3|47.5|1.44|302|59.3|61.2|6.61|2.69|58.6|0.68|3.21|7.9|72.0|1.33|3.3
Igor Andreev|62.4|70.5|52.3|1.35|327|63.6|63.5|6.36|2.31|59.6|0.51|2.46|6.3|79.5|0.99|2.6
Joachim Johansson|62.1|79.4|52.9|1.50|367|69.3|66.9|6.25|1.92|70.2|0.35|1.76|4.3|89.7|0.53|1.3
Jose Acasuso|54.2|72.3|50.6|1.43|319|62.4|61.9|6.43|2.42|60.3|0.57|2.70|6.4|77.5|1.07|2.6
Paul Annacone|55.2|71.3|46.5|1.54|310|60.2|61.1|6.89|2.74|62.0|0.69|3.41|9.2|73.7|1.30|3.5
Peter Lundgren|52.2|69.2|49.0|1.41|301|59.5|60.7|6.54|2.65|57.2|0.63|3.01|7.5|72.9|1.29|3.2
Richey Reneberg|55.8|71.2|50.9|1.40|316|62.2|62.0|6.51|2.46|58.9|0.57|2.72|6.9|76.6|1.12|2.8
Viktor Troicki|60.8|72.4|47.4|1.53|324|62.6|60.6|6.40|2.39|59.7|0.57|2.75|6.9|76.9|1.11|2.8
Bernd Karbacher|53.9|70.5|48.4|1.46|308|60.4|59.9|6.72|2.66|58.8|0.66|3.16|8.1|73.0|1.30|3.3
Byron Black|60.4|67.7|50.5|1.34|313|60.9|61.3|6.57|2.57|58.8|0.62|2.93|7.3|74.3|1.21|3.0
David Pate|61.0|67.5|47.1|1.44|308|59.6|59.3|6.59|2.66|58.1|0.68|3.13|8.0|71.7|1.31|3.4
Martin Verkerk|59.5|76.2|50.6|1.51|341|65.8|64.3|6.35|2.17|63.2|0.48|2.39|6.2|82.5|0.88|2.3
Paul Haarhuis|60.0|69.7|50.4|1.38|320|62.0|61.6|6.57|2.50|60.6|0.59|2.83|7.2|76.7|1.11|2.8
Vincent Spadea|57.8|67.9|51.2|1.33|312|60.8|61.2|6.55|2.56|59.8|0.65|3.13|7.9|73.9|1.26|3.2
Albert Portas|57.3|67.9|46.4|1.46|299|58.7|59.4|6.62|2.73|56.5|0.69|3.22|8.0|70.0|1.40|3.5
Guillermo Garcia Lopez|58.7|69.2|48.8|1.42|309|60.8|62.2|6.53|2.56|58.7|0.62|2.98|7.6|74.3|1.23|3.1
Thomaz Bellucci|58.1|70.5|51.2|1.38|319|62.4|62.1|6.42|2.41|59.1|0.57|2.75|7.2|76.8|1.12|2.9
Andrea Gaudenzi|61.8|66.5|48.1|1.38|304|59.5|61.0|6.58|2.67|57.3|0.66|3.10|7.7|71.6|1.32|3.3
Bohdan Ulihrach|57.4|68.0|48.5|1.40|304|59.7|61.0|6.61|2.66|58.2|0.66|3.09|7.6|72.3|1.29|3.2
Kenneth Carlsen|58.2|75.0|50.2|1.49|335|64.6|63.7|6.49|2.30|64.0|0.52|2.51|6.3|81.4|0.90|2.3
Ronald Agenor|64.2|64.6|48.2|1.34|305|58.8|58.5|6.63|2.73|57.0|0.70|3.36|8.4|69.9|1.44|3.6
Slava Dosedel|64.8|64.4|48.8|1.32|305|58.9|59.6|6.62|2.72|56.6|0.68|3.25|8.1|70.3|1.41|3.5
Xavier Malisse|56.8|73.1|50.9|1.44|325|63.5|61.9|6.29|2.30|59.6|0.54|2.60|6.5|78.2|1.05|2.6
Darren Cahill|59.8|71.0|49.5|1.43|320|62.3|62.9|6.54|2.46|60.3|0.53|2.60|6.9|78.8|1.03|2.7
Filip Dewulf|55.5|71.0|47.5|1.50|308|60.5|62.1|6.67|2.63|59.6|0.63|2.99|7.6|74.6|1.21|3.1
Jarkko Nieminen|65.4|67.7|50.5|1.34|321|61.8|61.9|6.49|2.48|60.3|0.60|2.89|7.4|76.2|1.14|2.9
Leonardo Mayer|61.0|73.5|52.5|1.40|334|65.3|65.4|6.30|2.19|61.8|0.48|2.35|6.1|81.8|0.90|2.3
Renzo Furlan|59.2|67.2|49.5|1.36|306|60.0|59.7|6.54|2.62|56.7|0.65|3.02|7.5|72.0|1.31|3.3
Roberto Carretero|69.1|63.6|46.0|1.38|299|58.2|60.6|6.65|2.78|54.6|0.67|3.18|7.8|69.5|1.45|3.5
Horacio De La Pena|69.3|60.5|49.2|1.23|300|57.0|57.3|6.60|2.83|54.2|0.73|3.33|7.9|66.5|1.53|3.6
Nicolas Mahut|60.8|73.3|50.4|1.45|332|64.3|63.6|6.35|2.27|61.5|0.49|2.46|6.3|81.0|0.95|2.4
Sergiy Stakhovsky|61.8|71.6|49.5|1.45|327|63.1|62.1|6.45|2.38|60.7|0.55|2.68|6.9|78.5|1.05|2.7
Fernando Vicente|60.0|66.0|48.6|1.36|303|59.0|59.6|6.60|2.71|57.6|0.70|3.28|8.4|70.3|1.39|3.6
Franco Davin|69.9|60.9|46.2|1.32|295|56.5|57.2|6.63|2.88|53.9|0.76|3.55|8.7|65.0|1.64|4.0
Kelly Evernden|58.1|68.5|53.5|1.28|318|62.2|62.0|6.42|2.43|59.2|0.57|2.76|6.8|76.6|1.13|2.8
Nicklas Kulti|56.6|72.1|48.4|1.49|315|61.8|61.9|6.56|2.50|59.3|0.59|2.78|7.2|76.1|1.13|2.9
Paolo Cane|50.9|71.0|49.2|1.44|308|60.3|59.1|6.53|2.60|58.7|0.63|3.01|7.3|73.9|1.24|3.0
Stefan Koubek|59.9|66.1|50.8|1.30|307|60.0|60.6|6.45|2.58|57.6|0.66|3.16|8.0|71.9|1.34|3.4
Dan Goldie|51.8|69.2|47.0|1.47|294|58.5|62.8|7.01|2.91|60.3|0.74|3.63|9.3|70.5|1.44|3.7
Davide Sanguinetti|56.2|70.1|47.6|1.47|309|60.3|59.3|6.63|2.63|58.2|0.64|3.07|7.8|73.2|1.28|3.3
Gilles Muller|61.3|78.0|50.1|1.56|353|67.2|64.3|6.30|2.06|66.5|0.45|2.31|5.9|84.9|0.77|2.0
Karim Alami|56.2|70.7|47.8|1.48|308|60.7|60.7|6.57|2.58|58.0|0.63|2.97|7.3|73.7|1.25|3.1
Kyle Edmund|59.7|72.9|52.1|1.40|332|64.5|64.0|6.32|2.24|62.3|0.50|2.45|6.4|81.2|0.93|2.4
Derrick Rostagno|61.2|70.9|47.5|1.49|318|61.8|61.8|6.61|2.52|59.5|0.58|2.79|7.2|76.7|1.13|2.9
Jan Gunnarsson|48.0|70.6|45.4|1.55|288|57.5|56.8|6.56|2.79|54.9|0.74|3.35|8.1|66.7|1.51|3.6
Patrick McEnroe|60.8|66.6|49.1|1.36|310|59.8|60.6|6.76|2.72|60.7|0.68|3.26|8.4|73.3|1.28|3.3
Jerzy Janowicz|62.0|74.7|49.2|1.52|337|65.0|65.1|6.37|2.23|63.7|0.50|2.47|6.8|81.9|0.90|2.5
Julien Benneteau|64.3|69.4|48.7|1.42|321|62.0|61.8|6.41|2.44|58.6|0.57|2.72|7.0|76.4|1.13|2.9
Alberto Martin|61.1|65.4|49.3|1.33|301|59.1|60.9|6.51|2.66|57.2|0.70|3.25|7.8|70.2|1.39|3.4
David Prinosil|51.2|74.6|46.8|1.60|311|61.0|61.4|6.65|2.59|59.8|0.61|2.92|7.4|75.4|1.17|3.0
Javier Frana|61.6|73.0|51.3|1.42|336|64.6|63.2|6.50|2.30|63.6|0.53|2.57|6.7|80.8|0.94|2.4
Mike Bauer|52.6|61.0|35.1|1.74|247|48.7|53.6|6.50|3.33|57.1|1.17|4.67|14.0|50.0|2.00|6.0
Pedro Rebolledo|70.4|53.7|40.2|1.34|261|49.7|50.6|7.06|3.55|48.6|0.97|4.19|9.9|50.0|2.15|5.1
Victor Estrella|64.8|66.9|49.8|1.34|315|60.9|61.0|6.52|2.55|58.0|0.62|2.96|7.4|74.0|1.24|3.1
Christo Van Rensburg|57.8|71.0|47.3|1.50|304|61.0|64.7|6.53|2.55|57.9|0.62|2.96|7.6|74.0|1.25|3.2
Filippo Volandri|68.5|61.9|48.5|1.28|299|57.7|59.3|6.60|2.79|55.4|0.73|3.36|7.9|67.4|1.50|3.5
Jerome Golmard|59.1|71.2|50.5|1.41|322|62.7|63.2|6.46|2.41|60.3|0.54|2.62|6.3|78.4|1.04|2.5
Jim Grabb|65.8|72.3|46.3|1.56|329|63.4|63.3|6.49|2.37|61.4|0.53|2.58|6.5|79.5|1.00|2.5
Marc Kevin Goellner|51.9|78.6|48.0|1.64|326|63.9|62.6|6.66|2.41|61.0|0.52|2.55|6.4|79.7|1.00|2.5
Omar Camporese|51.0|73.5|49.5|1.49|315|61.7|61.0|6.57|2.51|61.0|0.61|2.89|7.4|76.4|1.13|2.9
Steve Darcis|60.9|69.1|50.6|1.37|318|61.9|61.5|6.46|2.46|59.0|0.59|2.84|7.2|75.9|1.17|2.9
Andreas Vinciguerra|59.1|69.6|49.5|1.41|321|61.4|61.4|6.65|2.57|64.1|0.66|3.10|7.6|76.3|1.11|2.7
Galo Blanco|55.4|68.6|49.1|1.40|307|59.9|59.9|6.65|2.67|59.1|0.67|3.22|7.8|72.4|1.32|3.2
Gilbert Schaller|75.7|60.8|48.5|1.25|308|57.8|57.9|6.56|2.77|55.2|0.72|3.38|8.2|67.7|1.52|3.7
Guido Pella|65.1|68.7|51.2|1.34|327|62.6|62.1|6.45|2.41|62.0|0.60|2.95|7.9|77.2|1.12|3.0
Jeremy Chardy|60.2|74.0|49.5|1.50|332|64.3|64.0|6.40|2.29|62.7|0.52|2.57|6.6|80.6|0.96|2.4
Mikael Tillstrom|59.1|68.7|48.8|1.41|311|60.6|61.1|6.72|2.65|59.1|0.64|3.05|8.3|73.9|1.25|3.4
Christian Bergstrom|65.2|64.7|49.9|1.30|311|59.5|59.8|6.69|2.71|58.0|0.64|3.04|7.6|72.9|1.28|3.2
Michiel Schapers|67.2|69.8|49.2|1.42|326|63.0|63.8|6.46|2.39|59.9|0.53|2.56|6.8|78.9|1.03|2.7
Andrei Olhovskiy|56.2|74.8|47.7|1.57|321|62.9|62.7|6.64|2.46|60.1|0.55|2.70|6.9|77.9|1.08|2.8
Andrew Ilie|54.0|69.1|49.6|1.39|308|60.1|60.3|6.70|2.67|59.9|0.65|3.12|8.2|74.0|1.25|3.3
Bryan Shelton|58.1|74.9|49.3|1.52|331|64.2|64.5|6.60|2.37|63.7|0.52|2.57|6.7|81.1|0.93|2.4
Carlos Berlocq|64.3|65.9|48.2|1.37|307|59.6|59.8|6.50|2.63|56.7|0.68|3.21|7.9|70.6|1.39|3.4
Christian Saceanu|62.3|71.1|45.3|1.57|311|61.4|63.1|6.55|2.53|57.8|0.59|2.88|7.7|75.2|1.21|3.3
David Sanchez|61.3|64.9|47.5|1.37|299|58.1|58.6|6.66|2.79|56.6|0.73|3.38|8.3|68.3|1.47|3.6
Denis Istomin|65.3|71.0|51.0|1.39|334|64.1|62.4|6.37|2.29|61.7|0.54|2.64|6.7|79.5|1.01|2.6
Florent Serra|61.3|67.4|50.0|1.35|315|60.6|60.3|6.65|2.62|59.9|0.64|3.09|7.9|74.3|1.24|3.2
Francesco Cancellotti|66.4|60.1|43.8|1.37|277|54.6|54.6|5.95|2.70|46.7|0.75|3.33|7.5|60.0|1.78|4.0
Jaime Oncins|55.9|68.2|44.5|1.53|290|57.8|60.0|6.60|2.79|55.7|0.71|3.31|8.3|68.5|1.47|3.7
Jan Kroslak|60.9|68.9|44.2|1.56|306|59.2|61.1|6.85|2.79|60.4|0.70|3.30|8.3|72.3|1.31|3.3
Jeff Tarango|61.4|67.8|48.7|1.39|311|60.4|61.5|6.65|2.63|59.6|0.65|3.09|7.8|73.9|1.25|3.2
Jonathan Stark|59.4|76.2|49.2|1.55|335|65.2|64.0|6.47|2.25|61.4|0.47|2.29|5.7|81.9|0.89|2.2
Julian Alonso|55.0|67.7|47.7|1.42|297|58.7|60.4|6.66|2.75|56.7|0.68|3.23|7.9|70.6|1.40|3.4
Kelly Jones|66.1|65.7|43.8|1.50|307|58.3|59.0|6.77|2.83|60.7|0.74|3.21|7.8|70.9|1.26|3.1
Luis Horna|67.4|69.4|49.8|1.40|328|63.0|62.9|6.45|2.39|60.3|0.54|2.64|6.3|78.8|1.05|2.5
Marian Vajda|54.3|61.5|47.6|1.29|276|55.1|56.7|6.65|2.98|52.6|0.81|3.78|10.0|61.7|1.79|4.7
Martin Sinner|56.1|71.1|48.1|1.48|304|61.0|62.9|6.50|2.53|54.2|0.55|2.67|6.4|74.9|1.22|2.9
Nicolas Pereira|61.4|73.1|46.3|1.58|323|62.7|62.3|6.62|2.47|60.6|0.56|2.71|6.8|78.1|1.07|2.7
Olivier Rochus|61.3|66.4|51.7|1.29|311|60.7|61.9|6.53|2.57|59.0|0.64|3.02|7.8|73.8|1.24|3.2
Patrick Baur|56.5|69.9|49.7|1.41|313|61.1|61.7|6.65|2.58|60.6|0.64|3.09|7.5|74.8|1.22|3.0
Rajeev Ram|60.6|72.9|48.6|1.50|326|63.3|62.0|6.43|2.36|59.4|0.53|2.58|6.5|78.6|1.05|2.6
Simon Youl|60.1|70.5|48.2|1.46|315|61.6|62.1|6.57|2.52|59.6|0.62|3.04|7.7|75.0|1.23|3.1
Stefano Pescosolido|52.1|71.0|47.5|1.50|299|59.7|60.9|6.64|2.67|56.0|0.63|3.05|7.7|72.4|1.34|3.4
Tomas Carbonell|67.2|64.5|44.0|1.47|298|57.8|59.4|6.58|2.78|55.8|0.73|3.42|8.6|67.6|1.51|3.8
Yahiya Doumbia|55.3|72.2|52.1|1.38|326|63.2|63.9|6.63|2.44|63.0|0.49|2.35|5.4|81.8|0.87|2.0
Adrian Voinea|56.8|69.0|49.3|1.40|307|60.5|60.2|6.57|2.59|56.3|0.63|3.02|7.6|72.6|1.32|3.3
Alex Obrien|63.4|69.1|49.7|1.39|320|62.0|61.8|6.61|2.52|59.9|0.60|2.95|7.7|75.7|1.18|3.1
Andrey Golubev|58.8|68.2|49.8|1.37|311|60.6|61.2|6.58|2.59|58.8|0.63|3.00|7.3|74.0|1.24|3.0
Arnaud Di Pasquale|63.2|64.9|48.4|1.34|299|58.8|60.5|6.58|2.71|54.6|0.66|3.17|8.1|69.8|1.44|3.7
Diego Perez|60.6|61.5|48.4|1.27|286|56.4|57.1|6.72|2.93|52.3|0.76|3.46|9.1|63.8|1.65|4.4
Horacio Zeballos|62.3|70.8|51.4|1.38|330|63.5|62.7|6.46|2.36|62.2|0.55|2.72|6.7|79.4|1.03|2.5
Jonathan Canter|53.3|69.4|48.4|1.43|303|59.6|59.6|6.76|2.74|56.5|0.58|2.95|7.8|74.5|1.29|3.4
Leander Paes|60.2|69.9|48.0|1.46|311|61.2|62.5|6.57|2.55|57.9|0.58|2.77|6.8|75.6|1.17|2.8
Milan Srejber|59.8|72.2|47.7|1.51|318|62.4|63.2|6.30|2.37|58.3|0.56|2.67|6.0|76.7|1.11|2.5
Mischa Zverev|64.4|69.2|48.7|1.42|322|61.9|61.2|6.45|2.46|60.3|0.61|2.94|7.2|75.8|1.17|2.9
Pablo Arraya|61.2|65.5|47.9|1.37|301|58.7|58.9|6.62|2.74|55.5|0.67|3.18|8.1|70.4|1.42|3.6
Philipp Petzschner|55.4|74.0|49.8|1.49|321|63.2|62.3|6.41|2.35|58.6|0.52|2.51|6.6|78.4|1.04|2.7
Scott Draper|56.3|72.5|51.3|1.41|324|63.2|62.3|6.56|2.42|61.5|0.57|2.80|7.5|78.2|1.08|2.9
Sergio Casal|61.9|64.8|42.9|1.51|268|56.4|56.1|6.23|2.71|34.4|0.57|2.91|8.0|62.5|1.91|5.3
Shuzo Matsuoka|61.2|74.1|50.7|1.46|337|65.0|63.8|6.56|2.29|63.2|0.49|2.43|6.2|81.8|0.89|2.3
Thomas Hogstedt|51.8|68.1|46.8|1.46|288|57.8|58.4|6.54|2.76|52.7|0.69|3.18|7.4|67.5|1.50|3.5
Ulf Stenlund|79.2|61.3|45.5|1.35|297|58.0|59.0|6.24|2.62|45.0|0.59|2.50|5.0|67.6|1.38|2.8
Victor Hanescu|69.0|69.2|50.7|1.36|334|63.5|62.5|6.46|2.36|62.0|0.55|2.68|6.7|79.1|1.02|2.6
Wesley Moodie|68.9|73.5|51.3|1.43|351|66.6|64.3|6.33|2.11|63.2|0.44|2.21|5.5|83.8|0.81|2.0
Alexander Popp|62.4|69.5|47.9|1.45|313|61.4|63.1|6.41|2.47|59.1|0.62|2.90|8.0|74.8|1.19|3.3
Bart Wuyts|70.1|57.8|40.9|1.41|272|52.7|55.6|6.73|3.18|51.6|0.89|4.11|9.8|56.8|1.99|4.8
Christophe Rochus|60.8|63.9|46.9|1.36|290|57.3|58.5|6.59|2.82|53.9|0.73|3.41|8.3|66.1|1.57|3.8
Cristiano Caratti|63.7|64.2|47.7|1.35|298|58.2|59.6|6.64|2.78|55.4|0.70|3.28|8.4|69.0|1.46|3.7
Harel Levy|58.1|68.8|47.5|1.45|308|59.9|59.2|6.52|2.62|59.0|0.67|3.14|7.6|72.3|1.29|3.1
Henrik Holm|51.1|77.6|45.1|1.72|313|61.7|63.4|6.76|2.59|60.9|0.58|2.84|7.4|77.2|1.11|2.9
Hyeon Chung|62.4|70.3|50.7|1.39|319|62.9|63.5|6.28|2.33|57.0|0.52|2.47|6.3|77.4|1.06|2.7
Patrik Kuhnen|55.4|73.7|46.0|1.60|313|61.3|61.4|6.53|2.52|59.4|0.59|2.87|7.4|75.8|1.17|3.0
Thierry Champion|72.0|61.3|49.8|1.23|305|58.1|58.1|6.47|2.71|53.0|0.68|3.24|8.5|67.8|1.52|4.0
Vladimir Voltchkov|58.2|70.6|48.1|1.47|311|61.2|61.6|6.50|2.52|57.8|0.60|2.87|7.5|74.6|1.21|3.2
Alex Antonitsch|55.0|69.9|48.7|1.43|309|60.4|60.7|6.77|2.68|60.3|0.66|3.14|7.5|73.7|1.25|3.0
Alex Calatrava|59.0|70.9|48.7|1.46|319|61.8|60.3|6.41|2.45|60.0|0.61|2.92|7.4|75.5|1.17|3.0
Antony Dupuis|59.3|72.1|51.1|1.41|330|63.5|62.2|6.54|2.39|62.7|0.56|2.74|6.9|79.1|1.02|2.6
Benjamin Becker|56.6|74.5|49.7|1.50|325|63.8|62.3|6.33|2.29|59.0|0.51|2.47|6.1|79.3|1.01|2.5
Carsten Arriens|57.6|67.4|46.6|1.45|300|58.6|58.6|6.69|2.77|56.9|0.69|3.32|7.8|70.1|1.43|3.4
Christian Miniussi|58.8|66.9|47.8|1.40|297|59.0|60.1|6.61|2.71|54.8|0.67|3.27|8.2|69.7|1.48|3.7
Chuck Adams|64.3|69.4|51.4|1.35|326|63.0|62.8|6.50|2.41|59.9|0.53|2.60|6.4|78.7|1.04|2.6
Claudio Mezzadri|55.8|67.1|49.3|1.36|300|59.2|60.2|6.50|2.65|57.9|0.70|3.34|8.2|70.7|1.41|3.5
Claudio Pistolesi|67.0|62.3|49.0|1.27|304|57.9|58.1|6.59|2.77|57.1|0.74|3.37|8.9|68.2|1.45|3.8
Daniele Bracciali|52.9|74.1|50.5|1.47|323|63.0|61.7|6.52|2.41|61.0|0.54|2.63|6.8|78.9|1.02|2.7
Dimitri Poliakov|59.5|64.1|47.2|1.36|296|57.3|58.2|6.74|2.88|58.5|0.79|3.63|9.1|67.2|1.51|3.8
Eric Jelen|68.7|61.9|46.6|1.33|302|57.1|58.5|6.88|2.95|57.4|0.73|3.46|8.3|68.8|1.48|3.5
Frederic Fontang|64.8|59.0|44.9|1.31|280|54.1|54.8|6.87|3.16|52.2|0.84|3.94|9.3|59.8|1.88|4.4
Gabriel Markus|63.8|65.0|49.7|1.31|306|59.4|60.5|6.64|2.69|57.3|0.66|3.17|8.1|71.8|1.36|3.5
Gianluca Pozzi|48.1|71.5|48.7|1.47|299|59.7|59.7|6.56|2.64|57.4|0.66|3.08|7.9|72.1|1.31|3.3
Guillaume Raoux|53.2|72.7|51.4|1.41|318|62.8|62.9|6.58|2.45|60.1|0.55|2.67|6.6|78.0|1.06|2.6
Hernan Gumy|62.2|67.3|48.5|1.39|306|60.2|61.7|6.52|2.59|56.6|0.63|2.97|7.5|72.5|1.29|3.2
Hyung Taik Lee|63.1|67.9|52.0|1.31|318|62.0|62.1|6.37|2.42|58.0|0.58|2.80|7.3|75.7|1.17|3.0
Igor Kunitsyn|59.9|65.0|49.5|1.31|301|58.8|58.7|6.57|2.71|55.8|0.69|3.25|8.0|69.4|1.44|3.5
Ivan Dodig|58.7|72.5|49.4|1.47|325|62.9|61.4|6.43|2.38|60.0|0.56|2.70|6.8|77.7|1.08|2.7
Jan Vacek|57.6|69.1|48.7|1.42|308|60.5|60.7|6.57|2.60|57.6|0.63|2.98|7.7|73.2|1.27|3.3
Jared Palmer|60.8|69.8|49.4|1.41|320|61.8|63.0|6.80|2.60|62.5|0.61|2.98|8.0|77.1|1.12|3.0
Jeremy Bates|55.7|70.2|46.1|1.52|302|59.5|60.9|6.66|2.70|57.4|0.64|3.05|7.5|72.8|1.30|3.2
Jerome Haehnel|57.4|67.2|49.7|1.35|301|59.8|60.0|6.47|2.61|52.9|0.59|2.82|7.3|72.1|1.33|3.4
Jim Pugh|62.0|65.1|42.5|1.53|285|56.5|57.5|6.33|2.75|52.9|0.80|3.78|11.3|62.6|1.78|5.3
Jordi Burillo|52.7|71.7|46.0|1.56|301|59.5|59.3|6.57|2.66|55.9|0.64|3.02|7.4|71.6|1.33|3.3
Jose Francisco Altur|65.5|64.0|45.3|1.41|297|57.6|58.3|6.52|2.77|54.7|0.71|3.35|8.2|68.0|1.52|3.7
Juan Antonio Marin|56.7|63.9|47.5|1.34|288|56.8|57.7|6.70|2.89|55.7|0.78|3.65|8.5|65.5|1.62|3.8
Juan Balcells|71.4|68.2|52.8|1.29|342|63.8|63.0|6.43|2.33|65.1|0.56|2.79|7.0|80.3|0.97|2.4
Julien Boutter|55.4|73.8|48.5|1.52|322|62.5|63.4|6.55|2.45|62.5|0.59|2.93|7.5|77.7|1.10|2.8
Lars Burgsmuller|58.7|67.5|48.3|1.40|303|59.6|60.5|6.59|2.67|56.9|0.66|3.12|7.9|71.6|1.35|3.4
Leonardo Lavalle|63.1|67.9|47.5|1.43|306|60.4|61.0|6.54|2.59|55.3|0.63|3.09|7.6|71.7|1.38|3.4
Libor Pimek|53.7|63.1|41.1|1.54|246|52.9|58.0|6.60|3.11|43.5|0.84|3.54|7.7|52.7|2.00|4.3
Mark Koevermans|56.3|67.0|47.2|1.42|295|58.3|58.0|6.41|2.67|54.0|0.67|3.09|7.6|69.0|1.42|3.5
Markus Zoecke|64.1|72.2|49.7|1.45|334|64.1|62.9|6.50|2.33|62.1|0.52|2.52|6.3|80.4|0.96|2.4
Mauricio Hadad|63.0|62.6|48.9|1.28|298|57.5|58.6|6.65|2.83|56.1|0.71|3.38|8.4|68.7|1.48|3.7
Michal Tabara|52.5|66.3|47.9|1.39|286|57.6|59.4|6.50|2.76|53.6|0.71|3.29|8.3|67.2|1.52|3.9
Nduka Odizor|50.3|75.8|44.9|1.69|278|60.4|63.5|5.79|2.29|35.7|0.41|2.00|4.7|73.5|1.29|3.0
Neville Godwin|54.3|72.8|46.8|1.56|309|60.9|62.4|6.71|2.62|60.5|0.63|3.05|8.2|75.0|1.21|3.2
Nicklas Kroon|55.9|65.6|47.9|1.37|294|57.8|59.0|6.87|2.90|57.1|0.74|3.56|9.3|68.2|1.52|4.0
Paolo Lorenzi|58.6|69.0|49.0|1.41|310|60.7|60.8|6.51|2.56|57.5|0.62|2.94|7.5|73.9|1.25|3.2
Peter Doohan|66.1|62.4|53.6|1.16|294|59.4|62.1|6.35|2.58|41.7|0.46|2.40|6.0|73.1|1.40|3.5
Peter Wessels|62.5|74.2|50.1|1.48|336|65.2|63.7|6.33|2.20|61.1|0.49|2.44|6.2|81.1|0.95|2.4
